/*
Navicat MySQL Data Transfer

Source Server         : db
Source Server Version : 80013
Source Host           : 192.168.12.100:3306
Source Database       : tiezhengdb

Target Server Type    : MYSQL
Target Server Version : 80013
File Encoding         : 65001

Date: 2018-12-14 19:32:33
*/

SET FOREIGN_KEY_CHECKS=0;

-- ----------------------------
-- Table structure for adjustsalary
-- ----------------------------
DROP TABLE IF EXISTS `adjustsalary`;
CREATE TABLE `adjustsalary` (
  `id` int(11) NOT NULL AUTO_INCREMENT,
  `eid` int(11) DEFAULT NULL,
  `asDate` date DEFAULT NULL COMMENT '调薪日期',
  `beforeSalary` int(11) DEFAULT NULL COMMENT '调前薪资',
  `afterSalary` int(11) DEFAULT NULL COMMENT '调后薪资',
  `reason` varchar(255) DEFAULT NULL COMMENT '调薪原因',
  `remark` varchar(255) DEFAULT NULL COMMENT '备注',
  PRIMARY KEY (`id`),
  KEY `pid` (`eid`),
  CONSTRAINT `adjustsalary_ibfk_1` FOREIGN KEY (`eid`) REFERENCES `employee` (`id`)
) ENGINE=InnoDB DEFAULT CHARSET=utf8;

-- ----------------------------
-- Records of adjustsalary
-- ----------------------------

-- ----------------------------
-- Table structure for appraise
-- ----------------------------
DROP TABLE IF EXISTS `appraise`;
CREATE TABLE `appraise` (
  `id` int(11) NOT NULL AUTO_INCREMENT,
  `eid` int(11) DEFAULT NULL,
  `appDate` date DEFAULT NULL COMMENT '考评日期',
  `appResult` varchar(32) DEFAULT NULL COMMENT '考评结果',
  `appContent` varchar(255) DEFAULT NULL COMMENT '考评内容',
  `remark` varchar(255) DEFAULT NULL COMMENT '备注',
  PRIMARY KEY (`id`),
  KEY `pid` (`eid`),
  CONSTRAINT `appraise_ibfk_1` FOREIGN KEY (`eid`) REFERENCES `employee` (`id`)
) ENGINE=InnoDB DEFAULT CHARSET=utf8;

-- ----------------------------
-- Records of appraise
-- ----------------------------

-- ----------------------------
-- Table structure for bid
-- ----------------------------
DROP TABLE IF EXISTS `bid`;
CREATE TABLE `bid` (
  `id` int(11) NOT NULL AUTO_INCREMENT,
  `projectName` varchar(255) CHARACTER SET utf8mb4 COLLATE utf8mb4_0900_ai_ci DEFAULT NULL COMMENT '名称',
  `bidName` varchar(255) CHARACTER SET utf8mb4 COLLATE utf8mb4_0900_ai_ci DEFAULT NULL COMMENT '包含标段',
  `address` varchar(255) CHARACTER SET utf8mb4 COLLATE utf8mb4_0900_ai_ci DEFAULT NULL COMMENT '所属地区',
  `km` varchar(255) DEFAULT NULL COMMENT '里程',
  `description` varchar(255) DEFAULT NULL,
  `createDate` datetime DEFAULT NULL,
  `updateDate` datetime DEFAULT NULL,
  `enabled` tinyint(1) DEFAULT '1',
  PRIMARY KEY (`id`)
) ENGINE=InnoDB AUTO_INCREMENT=6 DEFAULT CHARSET=utf8mb4 COLLATE=utf8mb4_0900_ai_ci;

-- ----------------------------
-- Records of bid
-- ----------------------------
INSERT INTO `bid` VALUES ('1', '毕生高速', '1标段', '毕节市海子街镇', 'km+222-km333+333', 'km+222-km333+333', '2018-11-29 18:05:35', '2018-11-29 18:05:37', '1');
INSERT INTO `bid` VALUES ('2', '毕生高速', '2标段', '毕节市海子街镇二道河', null, null, '2018-11-29 18:05:35', '2018-11-29 18:05:37', '1');
INSERT INTO `bid` VALUES ('5', '九绵高速', 'LJ11标', '九寨沟风景区', 'ZK46+432-ZK47+888', '描述描述', null, null, '1');

-- ----------------------------
-- Table structure for company
-- ----------------------------
DROP TABLE IF EXISTS `company`;
CREATE TABLE `company` (
  `id` int(11) NOT NULL AUTO_INCREMENT,
  `projectId` int(11) DEFAULT NULL,
  `name` varchar(255) CHARACTER SET utf8mb4 COLLATE utf8mb4_0900_ai_ci DEFAULT NULL COMMENT '单位名称',
  `address` varchar(255) CHARACTER SET utf8mb4 COLLATE utf8mb4_0900_ai_ci DEFAULT NULL COMMENT '单位地址',
  `description` varchar(255) CHARACTER SET utf8mb4 COLLATE utf8mb4_0900_ai_ci DEFAULT NULL COMMENT '单位描述',
  `dictId` int(4) DEFAULT NULL COMMENT '字典id',
  `createDate` datetime DEFAULT NULL,
  `updateDate` datetime DEFAULT NULL,
  `delFlag` tinyint(1) DEFAULT '1',
  `enabled` tinyint(1) DEFAULT '1',
  PRIMARY KEY (`id`)
) ENGINE=InnoDB AUTO_INCREMENT=7 DEFAULT CHARSET=utf8mb4 COLLATE=utf8mb4_0900_ai_ci;

-- ----------------------------
-- Records of company
-- ----------------------------
INSERT INTO `company` VALUES ('1', '1', '中交一局', '九寨沟', null, '1', '2018-11-29 18:39:05', '2018-11-29 18:39:07', '0', '1');
INSERT INTO `company` VALUES ('2', '1', '112', '112', '112', '112', null, null, '1', '1');
INSERT INTO `company` VALUES ('4', null, '33', '33dd', '33', '33', null, null, '1', '1');

-- ----------------------------
-- Table structure for convenience
-- ----------------------------
DROP TABLE IF EXISTS `convenience`;
CREATE TABLE `convenience` (
  `id` int(11) NOT NULL AUTO_INCREMENT,
  `tunnelId` int(11) DEFAULT NULL COMMENT '隧道id',
  `stationId` int(11) DEFAULT NULL COMMENT '埋点id',
  `observeDate` datetime DEFAULT NULL COMMENT '观测日期',
  `measureInterval` varchar(255) CHARACTER SET utf8mb4 COLLATE utf8mb4_0900_ai_ci DEFAULT NULL COMMENT '量测间隔/d',
  `rulerVal` varchar(255) DEFAULT NULL COMMENT '尺孔读数',
  `diff` varchar(255) DEFAULT NULL COMMENT '收敛差值',
  `addUpDiplacement` varchar(255) DEFAULT NULL COMMENT '累计位移',
  `maxSpeed` varchar(255) DEFAULT NULL COMMENT '允许的最大位移数（mm/d）',
  `observeMan` varchar(40) CHARACTER SET utf8mb4 COLLATE utf8mb4_0900_ai_ci DEFAULT NULL COMMENT '测量人员',
  `warnState` int(4) DEFAULT NULL COMMENT '预警状态 1-正常，2-警告，3-危急',
  `distanceFace` int(11) DEFAULT NULL COMMENT '据开挖面的距离m',
  `description` varchar(255) CHARACTER SET utf8mb4 COLLATE utf8mb4_0900_ai_ci DEFAULT NULL COMMENT '描述',
  `createDate` datetime DEFAULT NULL,
  `updateDate` datetime DEFAULT NULL,
  `enabled` tinyint(1) DEFAULT '1' COMMENT '是否有效：1-有效，0-无效',
  PRIMARY KEY (`id`)
) ENGINE=InnoDB DEFAULT CHARSET=utf8mb4 COLLATE=utf8mb4_0900_ai_ci;

-- ----------------------------
-- Records of convenience
-- ----------------------------

-- ----------------------------
-- Table structure for department
-- ----------------------------
DROP TABLE IF EXISTS `department`;
CREATE TABLE `department` (
  `id` int(11) NOT NULL AUTO_INCREMENT,
  `name` varchar(32) DEFAULT NULL COMMENT '部门名称',
  `parentId` int(11) DEFAULT NULL,
  `depPath` varchar(255) DEFAULT NULL,
  `enabled` tinyint(1) DEFAULT '1',
  `isParent` tinyint(1) DEFAULT '0',
  PRIMARY KEY (`id`)
) ENGINE=InnoDB AUTO_INCREMENT=93 DEFAULT CHARSET=utf8;

-- ----------------------------
-- Records of department
-- ----------------------------
INSERT INTO `department` VALUES ('1', '股东会', '-1', '.1', '1', '1');
INSERT INTO `department` VALUES ('4', '董事会', '1', '.1.4', '1', '1');
INSERT INTO `department` VALUES ('5', '总办', '4', '.1.4.5', '1', '1');
INSERT INTO `department` VALUES ('8', '财务部', '5', '.1.4.5.8', '1', '0');
INSERT INTO `department` VALUES ('78', '市场部', '5', '.1.4.5.78', '1', '1');
INSERT INTO `department` VALUES ('81', '华北市场部', '78', '.1.4.5.78.81', '1', '1');
INSERT INTO `department` VALUES ('82', '华南市场部', '78', '.1.4.5.78.82', '1', '0');
INSERT INTO `department` VALUES ('85', '石家庄市场部', '81', '.1.4.5.78.81.85', '1', '0');
INSERT INTO `department` VALUES ('86', '西北市场部', '78', '.1.4.5.78.86', '1', '1');
INSERT INTO `department` VALUES ('87', '西安市场', '86', '.1.4.5.78.86.87', '1', '1');
INSERT INTO `department` VALUES ('89', '莲湖区市场', '87', '.1.4.5.78.86.87.89', '1', '0');
INSERT INTO `department` VALUES ('91', '技术部', '5', '.1.4.5.91', '1', '0');
INSERT INTO `department` VALUES ('92', '运维部', '5', '.1.4.5.92', '1', '0');

-- ----------------------------
-- Table structure for dict
-- ----------------------------
DROP TABLE IF EXISTS `dict`;
CREATE TABLE `dict` (
  `id` int(11) NOT NULL AUTO_INCREMENT,
  `name` varchar(255) DEFAULT NULL,
  `code` varchar(255) DEFAULT NULL COMMENT '字典编码',
  `parentId` int(11) DEFAULT NULL COMMENT '父级id',
  `createDate` datetime DEFAULT NULL,
  `updateDate` datetime DEFAULT NULL,
  `enabled` tinyint(1) DEFAULT '1',
  `description` varchar(255) CHARACTER SET utf8 COLLATE utf8_general_ci DEFAULT NULL,
  PRIMARY KEY (`id`)
) ENGINE=InnoDB AUTO_INCREMENT=13 DEFAULT CHARSET=utf8;

-- ----------------------------
-- Records of dict
-- ----------------------------
INSERT INTO `dict` VALUES ('1', '22', '22', '1', null, '2018-12-12 00:00:00', '1', 'dd');
INSERT INTO `dict` VALUES ('2', '测试数据', '33', null, null, '2018-12-13 00:00:00', '1', '33');
INSERT INTO `dict` VALUES ('3', '44', '44', null, null, null, '1', '44');
INSERT INTO `dict` VALUES ('6', '建设单位', 'BUILD', '8', '2018-12-12 00:00:00', '2018-12-11 00:00:00', '1', '建设单位');
INSERT INTO `dict` VALUES ('7', 'd\'d', 'd\'d', '6', '2018-12-12 00:00:00', '2018-12-12 00:00:00', '1', 'd\'d');
INSERT INTO `dict` VALUES ('8', '单位类型', 'COM_TYPE', null, '2018-12-12 00:00:00', '2018-12-12 00:00:00', '1', '单位类型');
INSERT INTO `dict` VALUES ('9', '监理单位', 'JIAN_LI', '8', '2018-12-12 00:00:00', '2018-12-12 00:00:00', '1', '监理单位');
INSERT INTO `dict` VALUES ('10', 'test1', 'test1', '2', '2018-12-13 00:00:00', '2018-12-13 00:00:00', '1', 'test1');
INSERT INTO `dict` VALUES ('11', '依据规范', 'TEST', null, '2018-12-13 00:00:00', '2018-12-13 00:00:00', '1', '依据规范');
INSERT INTO `dict` VALUES ('12', '33', '33', '11', '2018-12-13 00:00:00', '2018-12-13 00:00:00', '1', '33');

-- ----------------------------
-- Table structure for employee
-- ----------------------------
DROP TABLE IF EXISTS `employee`;
CREATE TABLE `employee` (
  `id` int(11) NOT NULL AUTO_INCREMENT COMMENT '员工编号',
  `name` varchar(10) DEFAULT NULL COMMENT '员工姓名',
  `gender` char(4) DEFAULT NULL COMMENT '性别',
  `birthday` date DEFAULT NULL COMMENT '出生日期',
  `idCard` char(18) DEFAULT NULL COMMENT '身份证号',
  `wedlock` enum('已婚','未婚','离异') DEFAULT NULL COMMENT '婚姻状况',
  `nationId` int(8) DEFAULT NULL COMMENT '民族',
  `nativePlace` varchar(20) DEFAULT NULL COMMENT '籍贯',
  `politicId` int(8) DEFAULT NULL COMMENT '政治面貌',
  `email` varchar(20) DEFAULT NULL COMMENT '邮箱',
  `phone` varchar(11) DEFAULT NULL COMMENT '电话号码',
  `address` varchar(64) DEFAULT NULL COMMENT '联系地址',
  `departmentId` int(11) DEFAULT NULL COMMENT '所属部门',
  `jobLevelId` int(11) DEFAULT NULL COMMENT '职称ID',
  `posId` int(11) DEFAULT NULL COMMENT '职位ID',
  `engageForm` varchar(8) DEFAULT NULL COMMENT '聘用形式',
  `tiptopDegree` enum('博士','硕士','本科','大专','高中','初中','小学','其他') DEFAULT NULL COMMENT '最高学历',
  `specialty` varchar(32) DEFAULT NULL COMMENT '所属专业',
  `school` varchar(32) DEFAULT NULL COMMENT '毕业院校',
  `beginDate` date DEFAULT NULL COMMENT '入职日期',
  `workState` enum('在职','离职') DEFAULT '在职' COMMENT '在职状态',
  `workID` char(8) DEFAULT NULL COMMENT '工号',
  `contractTerm` double DEFAULT NULL COMMENT '合同期限',
  `conversionTime` date DEFAULT NULL COMMENT '转正日期',
  `notWorkDate` date DEFAULT NULL COMMENT '离职日期',
  `beginContract` date DEFAULT NULL COMMENT '合同起始日期',
  `endContract` date DEFAULT NULL COMMENT '合同终止日期',
  `workAge` int(11) DEFAULT NULL COMMENT '工龄',
  PRIMARY KEY (`id`),
  KEY `departmentId` (`departmentId`),
  KEY `jobId` (`jobLevelId`),
  KEY `dutyId` (`posId`),
  KEY `nationId` (`nationId`),
  KEY `politicId` (`politicId`),
  KEY `workID_key` (`workID`),
  CONSTRAINT `employee_ibfk_1` FOREIGN KEY (`departmentId`) REFERENCES `department` (`id`),
  CONSTRAINT `employee_ibfk_2` FOREIGN KEY (`jobLevelId`) REFERENCES `joblevel` (`id`),
  CONSTRAINT `employee_ibfk_3` FOREIGN KEY (`posId`) REFERENCES `position` (`id`),
  CONSTRAINT `employee_ibfk_4` FOREIGN KEY (`nationId`) REFERENCES `nation` (`id`),
  CONSTRAINT `employee_ibfk_5` FOREIGN KEY (`politicId`) REFERENCES `politicsstatus` (`id`)
) ENGINE=InnoDB AUTO_INCREMENT=1520 DEFAULT CHARSET=utf8;

-- ----------------------------
-- Records of employee
-- ----------------------------
INSERT INTO `employee` VALUES ('1', '江南一点雨', '男', '1990-01-01', '610122199001011256', '已婚', '1', '陕西', '13', 'laowang@qq.com', '18565558897', '深圳市南山区', '5', '9', '29', '劳务合同', '本科', '信息管理与信息系统', '深圳大学', '2018-01-01', '在职', '00000001', '2', '2018-04-01', null, '2018-01-01', '2020-01-01', null);
INSERT INTO `employee` VALUES ('2', '陈静', '女', '1989-02-01', '421288198902011234', '已婚', '1', '海南', '1', 'chenjing@qq.com', '18795556693', '海南省海口市美兰区', '8', '12', '30', '劳动合同', '高中', '市场营销', '武汉大学', '2015-06-09', '在职', '00000002', '3', '2015-09-10', null, '2015-06-09', '2018-06-08', null);
INSERT INTO `employee` VALUES ('3', '赵琳浩', '男', '1993-03-04', '610122199303041456', '未婚', '1', '陕西', '3', 'zhao@qq.com', '15698887795', '陕西省西安市莲湖区', '91', '12', '33', '劳动合同', '博士', '电子工程', '哈尔滨理工大学', '2018-01-01', '在职', '00000003', '3.5', '2018-04-01', null, '2018-01-01', '2021-07-14', null);
INSERT INTO `employee` VALUES ('4', '鹿存亮', '男', '1990-01-03', '610122199001031456', '已婚', '1', '陕西', '3', 'zhao@qq.com', '15612347795', '陕西省西安市莲湖区', '92', '12', '34', '劳动合同', '高中', '电子工程', '哈尔滨理工大学', '2018-01-01', '在职', '00000004', '3.5', '2018-04-01', null, '2018-01-01', '2021-07-14', null);
INSERT INTO `employee` VALUES ('5', '姚森', '男', '1991-02-05', '610122199102058952', '已婚', '1', '河南', '3', 'yaosen@qq.com', '14785559936', '河南洛阳人民大道58号', '92', '15', '34', '劳动合同', '硕士', '室内装修设计', '西北大学', '2017-01-02', '在职', '00000005', '7', '2017-04-02', null, '2017-01-02', '2024-01-17', null);
INSERT INTO `employee` VALUES ('6', '云星', '女', '1993-01-05', '610122199301054789', '已婚', '1', '陕西西安', '1', 'yunxing@qq.com', '15644442252', '陕西西安新城区', '92', '16', '34', '劳务合同', '硕士', '通信工程', '西安电子科技学校', '2018-01-01', '在职', '00000006', '5.25', '2018-04-01', null, '2018-01-01', '2023-04-13', null);
INSERT INTO `employee` VALUES ('7', '贾旭明', '男', '1993-11-11', '610122199311111234', '已婚', '1', '广东广州', '4', 'jiaxuming@qq.com', '15644441234', '广东省广州市天河区冼村路', '78', '15', '33', '劳务合同', '初中', '通信工程', '西北大学', '2018-01-01', '在职', '00000007', '5.25', '2018-04-01', null, '2018-01-01', '2023-04-13', null);
INSERT INTO `employee` VALUES ('8', '张黎明', '男', '1991-02-01', '610144199102014569', '已婚', '1', '广东', '6', 'zhangliming@qq.com', '18979994478', '广东珠海', '91', '15', '33', '劳动合同', '高中', '考古', '清华大学', '2018-01-01', '在职', '00000008', '7', '2018-04-01', null, '2018-01-01', '2025-01-30', null);
INSERT INTO `employee` VALUES ('9', '薛磊', '男', '1992-07-01', '610144199207017895', '已婚', '1', '陕西西安', '13', 'xuelei@qq.com', '15648887741', '西安市雁塔区', '92', '14', '34', '劳动合同', '初中', '无', '华胥中学', '2018-01-01', '在职', '00000009', '6', '2018-04-01', null, '2018-01-01', '2024-01-17', null);
INSERT INTO `employee` VALUES ('10', '张洁', '女', '1990-10-09', '420177199010093652', '未婚', '1', '海南', '5', 'zhangjie@qq.com', '13695557742', '海口市美兰区', '92', '16', '34', '劳动合同', '高中', '无', '海南侨中', '2018-01-01', '在职', '00000010', '1', '2018-01-31', null, '2018-01-01', '2019-01-01', null);
INSERT INTO `employee` VALUES ('11', '江南一点雨2', '男', '1990-01-01', '610122199001011256', '已婚', '1', '陕西', '13', 'laowang@qq.com', '18565558897', '深圳市南山区', '91', '9', '29', '劳动合同', '本科', '信息管理与信息系统', '深圳大学', '2018-01-01', '在职', '00000011', '1', '2018-04-01', null, '2018-01-01', '2019-01-01', null);
INSERT INTO `employee` VALUES ('12', '陈静2', '女', '1989-02-01', '421288198902011234', '已婚', '1', '海南', '1', 'chenjing@qq.com', '18795556693', '海南省海口市美兰区', '82', '12', '30', '劳动合同', '高中', '市场营销', '武汉大学', '2015-06-09', '在职', '00000012', '3', '2015-09-10', null, '2015-06-09', '2018-06-08', null);
INSERT INTO `employee` VALUES ('13', '赵琳浩2', '男', '1993-03-04', '610122199303041456', '未婚', '1', '陕西', '3', 'zhao@qq.com', '15698887795', '陕西省西安市莲湖区', '91', '12', '33', '劳动合同', '博士', '电子工程', '哈尔滨理工大学', '2018-01-01', '在职', '00000013', '3.5', '2018-04-01', null, '2018-01-01', '2021-07-14', null);
INSERT INTO `employee` VALUES ('14', '鹿存亮2', '男', '1990-01-03', '610122199001031456', '已婚', '1', '陕西', '3', 'zhao@qq.com', '15612347795', '陕西省西安市莲湖区', '92', '12', '34', '劳动合同', '高中', '电子工程', '哈尔滨理工大学', '2018-01-01', '在职', '00000014', '3.5', '2018-04-01', null, '2018-01-01', '2021-07-14', null);
INSERT INTO `employee` VALUES ('15', '姚森2', '男', '1991-02-05', '610122199102058952', '已婚', '1', '河南', '3', 'yaosen@qq.com', '14785559936', '河南洛阳人民大道58号', '92', '15', '34', '劳动合同', '初中', '室内装修设计', '西北大学', '2017-01-02', '在职', '00000015', '7', '2017-04-02', null, '2017-01-02', '2024-01-17', null);
INSERT INTO `employee` VALUES ('16', '云星2', '女', '1993-01-05', '610122199301054789', '已婚', '1', '陕西西安', '1', 'yunxing@qq.com', '15644442252', '陕西西安新城区', '92', '16', '34', '劳务合同', '硕士', '通信工程', '西安电子科技学校', '2018-01-01', '在职', '00000016', '5.25', '2018-04-01', null, '2018-01-01', '2023-04-13', null);
INSERT INTO `employee` VALUES ('17', '贾旭明2', '男', '1993-11-11', '610122199311111234', '已婚', '1', '广东广州', '4', 'jiaxuming@qq.com', '15644441234', '广东省广州市天河区冼村路', '78', '15', '33', '劳务合同', '初中', '通信工程', '西北大学', '2018-01-01', '在职', '00000017', '5.25', '2018-04-01', null, '2018-01-01', '2023-04-13', null);
INSERT INTO `employee` VALUES ('18', '王一亭', '男', '1991-02-01', '610144199102014569', '已婚', '1', '广东', '6', 'zhangliming@qq.com', '18979994478', '广东珠海', '91', '15', '33', '劳动合同', '高中', '考古', '清华大学', '2018-01-01', '在职', '00000018', '7', '2018-04-01', null, '2018-01-01', '2025-01-30', null);
INSERT INTO `employee` VALUES ('19', '薛磊2', '男', '1992-07-01', '610144199207017895', '已婚', '1', '陕西西安', '13', 'xuelei@qq.com', '15648887741', '西安市雁塔区', '92', '14', '34', '劳动合同', '初中', '无', '华胥中学', '2018-01-01', '在职', '00000019', '1', '2018-04-01', null, '2018-01-01', '2019-01-01', null);
INSERT INTO `employee` VALUES ('20', '张洁2', '女', '1990-10-09', '420177199010093652', '未婚', '1', '海南', '5', 'zhangjie@qq.com', '13695557742', '海口市美兰区', '92', '16', '34', '劳动合同', '高中', '无', '海南侨中', '2018-01-01', '在职', '00000020', '1', '2018-01-31', null, '2018-01-01', '2019-01-01', null);
INSERT INTO `employee` VALUES ('21', '江南一点雨3', '男', '1990-01-01', '610122199001011256', '已婚', '1', '陕西', '13', 'laowang@qq.com', '18565558897', '深圳市南山区', '8', '9', '29', '劳动合同', '本科', '信息管理与信息系统', '深圳大学', '2018-01-01', '在职', '00000021', '1', '2018-04-01', null, '2018-01-01', '2019-01-01', null);
INSERT INTO `employee` VALUES ('22', '陈静3', '女', '1989-02-01', '421288198902011234', '已婚', '1', '海南', '1', 'chenjing@qq.com', '18795556693', '海南省海口市美兰区', '82', '12', '30', '劳动合同', '高中', '市场营销', '武汉大学', '2015-06-09', '在职', '00000022', '3', '2015-09-10', null, '2015-06-09', '2018-06-08', null);
INSERT INTO `employee` VALUES ('24', '鹿存亮3', '男', '1990-01-03', '610122199001031456', '已婚', '1', '陕西', '3', 'zhao@qq.com', '15612347795', '陕西省西安市莲湖区', '92', '12', '34', '劳动合同', '高中', '电子工程', '哈尔滨理工大学', '2018-01-01', '在职', '00000024', '3.5', '2018-04-01', null, '2018-01-01', '2021-07-14', null);
INSERT INTO `employee` VALUES ('25', '姚森3', '男', '1991-02-05', '610122199102058952', '已婚', '1', '河南', '3', 'yaosen@qq.com', '14785559936', '河南洛阳人民大道58号', '92', '15', '34', '劳动合同', '初中', '室内装修设计', '西北大学', '2017-01-02', '在职', '00000025', '7', '2017-04-02', null, '2017-01-02', '2024-01-17', null);
INSERT INTO `employee` VALUES ('26', '云星3', '女', '1993-01-05', '610122199301054789', '已婚', '1', '陕西西安', '1', 'yunxing@qq.com', '15644442252', '陕西西安新城区', '92', '16', '34', '劳务合同', '硕士', '通信工程', '西安电子科技学校', '2018-01-01', '在职', '00000026', '5.25', '2018-04-01', null, '2018-01-01', '2023-04-13', null);
INSERT INTO `employee` VALUES ('27', '贾旭明3', '男', '1993-11-11', '610122199311111234', '已婚', '1', '广东广州', '4', 'jiaxuming@qq.com', '15644441234', '广东省广州市天河区冼村路', '78', '15', '33', '劳务合同', '初中', '通信工程', '西北大学', '2018-01-01', '在职', '00000027', '5.25', '2018-04-01', null, '2018-01-01', '2023-04-13', null);
INSERT INTO `employee` VALUES ('28', '张黎明3', '男', '1991-02-01', '610144199102014569', '已婚', '1', '广东', '6', 'zhangliming@qq.com', '18979994478', '广东珠海', '91', '15', '33', '劳动合同', '高中', '考古', '清华大学', '2018-01-01', '在职', '00000028', '7', '2018-04-01', null, '2018-01-01', '2025-01-30', null);
INSERT INTO `employee` VALUES ('29', '薛磊3', '男', '1992-07-01', '610144199207017895', '已婚', '1', '陕西西安', '13', 'xuelei@qq.com', '15648887741', '西安市雁塔区', '92', '14', '34', '劳动合同', '初中', '无', '华胥中学', '2018-01-01', '在职', '00000029', '6', '2018-04-01', null, '2018-01-01', '2024-01-17', null);
INSERT INTO `employee` VALUES ('31', '江南一点雨4', '男', '1990-01-01', '610122199001011256', '已婚', '1', '陕西', '13', 'laowang@qq.com', '18565558897', '深圳市南山区', '8', '9', '29', '劳动合同', '本科', '信息管理与信息系统', '深圳大学', '2018-01-01', '在职', '00000031', '1', '2018-04-01', null, '2018-01-01', '2019-01-01', null);
INSERT INTO `employee` VALUES ('32', '陈静4', '女', '1989-02-01', '421288198902011234', '已婚', '1', '海南', '1', 'chenjing@qq.com', '18795556693', '海南省海口市美兰区', '82', '12', '30', '劳动合同', '高中', '市场营销', '武汉大学', '2015-06-09', '在职', '00000032', '3', '2015-09-10', null, '2015-06-09', '2018-06-08', null);
INSERT INTO `employee` VALUES ('33', '赵琳浩4', '男', '1993-03-04', '610122199303041456', '未婚', '1', '陕西', '3', 'zhao@qq.com', '15698887795', '陕西省西安市莲湖区', '91', '12', '33', '劳动合同', '博士', '电子工程', '哈尔滨理工大学', '2018-01-01', '在职', '00000033', '3.5', '2018-04-01', null, '2018-01-01', '2021-07-14', null);
INSERT INTO `employee` VALUES ('34', '鹿存亮4', '男', '1990-01-03', '610122199001031456', '已婚', '1', '陕西', '3', 'zhao@qq.com', '15612347795', '陕西省西安市莲湖区', '92', '12', '34', '劳动合同', '高中', '电子工程', '哈尔滨理工大学', '2018-01-01', '在职', '00000034', '3.5', '2018-04-01', null, '2018-01-01', '2021-07-14', null);
INSERT INTO `employee` VALUES ('35', '姚森4', '男', '1991-02-05', '610122199102058952', '已婚', '1', '河南', '3', 'yaosen@qq.com', '14785559936', '河南洛阳人民大道58号', '92', '15', '34', '劳动合同', '初中', '室内装修设计', '西北大学', '2017-01-02', '在职', '00000035', '7', '2017-04-02', null, '2017-01-02', '2024-01-17', null);
INSERT INTO `employee` VALUES ('37', '贾旭明4', '男', '1993-11-11', '610122199311111234', '已婚', '1', '广东广州', '4', 'jiaxuming@qq.com', '15644441234', '广东省广州市天河区冼村路', '78', '15', '33', '劳务合同', '初中', '通信工程', '西北大学', '2018-01-01', '在职', '00000037', '5.25', '2018-04-01', null, '2018-01-01', '2023-04-13', null);
INSERT INTO `employee` VALUES ('38', '张黎明2', '男', '1991-02-01', '610144199102014569', '已婚', '1', '广东', '6', 'zhangliming@qq.com', '18979994478', '广东珠海', '91', '15', '33', '劳动合同', '高中', '考古', '清华大学', '2018-01-01', '在职', '00000038', '7', '2018-04-01', null, '2018-01-01', '2025-01-30', null);
INSERT INTO `employee` VALUES ('39', '薛磊4', '男', '1992-07-01', '610144199207017895', '已婚', '1', '陕西西安', '13', 'xuelei@qq.com', '15648887741', '西安市雁塔区', '92', '14', '34', '劳动合同', '初中', '无', '华胥中学', '2018-01-01', '在职', '00000039', '6', '2018-04-01', null, '2018-01-01', '2024-01-17', null);
INSERT INTO `employee` VALUES ('40', '张洁4', '女', '1990-10-09', '420177199010093652', '未婚', '1', '海南', '5', 'zhangjie@qq.com', '13695557742', '海口市美兰区', '92', '16', '34', '劳动合同', '高中', '无', '海南侨中', '2018-01-01', '在职', '00000040', '1', '2018-01-31', null, '2018-01-01', '2019-01-01', null);
INSERT INTO `employee` VALUES ('41', '江南一点雨5', '男', '1990-01-01', '610122199001011256', '已婚', '1', '陕西', '13', 'laowang@qq.com', '18565558897', '深圳市南山区', '8', '9', '29', '劳动合同', '本科', '信息管理与信息系统', '深圳大学', '2018-01-01', '在职', '00000041', '1', '2018-04-01', null, '2018-01-01', '2019-01-01', null);
INSERT INTO `employee` VALUES ('42', '陈静5', '女', '1989-02-01', '421288198902011234', '已婚', '1', '海南', '1', 'chenjing@qq.com', '18795556693', '海南省海口市美兰区', '82', '12', '30', '劳动合同', '高中', '市场营销', '武汉大学', '2015-06-09', '在职', '00000042', '3', '2015-09-10', null, '2015-06-09', '2018-06-08', null);
INSERT INTO `employee` VALUES ('43', '赵琳浩5', '男', '1993-03-04', '610122199303041456', '未婚', '1', '陕西', '3', 'zhao@qq.com', '15698887795', '陕西省西安市莲湖区', '91', '12', '33', '劳动合同', '博士', '电子工程', '哈尔滨理工大学', '2018-01-01', '在职', '00000043', '3.5', '2018-04-01', null, '2018-01-01', '2021-07-14', null);
INSERT INTO `employee` VALUES ('44', '鹿存亮5', '男', '1990-01-03', '610122199001031456', '已婚', '1', '陕西', '3', 'zhao@qq.com', '15612347795', '陕西省西安市莲湖区', '92', '12', '34', '劳动合同', '高中', '电子工程', '哈尔滨理工大学', '2018-01-01', '在职', '00000044', '3.5', '2018-04-01', null, '2018-01-01', '2021-07-14', null);
INSERT INTO `employee` VALUES ('45', '姚森5', '男', '1991-02-05', '610122199102058952', '已婚', '1', '河南', '3', 'yaosen@qq.com', '14785559936', '河南洛阳人民大道58号', '92', '15', '34', '劳动合同', '初中', '室内装修设计', '西北大学', '2017-01-02', '在职', '00000045', '7', '2017-04-02', null, '2017-01-02', '2024-01-17', null);
INSERT INTO `employee` VALUES ('46', '云星5', '女', '1993-01-05', '610122199301054789', '已婚', '1', '陕西西安', '1', 'yunxing@qq.com', '15644442252', '陕西西安新城区', '92', '16', '34', '劳务合同', '硕士', '通信工程', '西安电子科技学校', '2018-01-01', '在职', '00000046', '5.25', '2018-04-01', null, '2018-01-01', '2023-04-13', null);
INSERT INTO `employee` VALUES ('47', '贾旭明5', '男', '1993-11-11', '610122199311111234', '已婚', '1', '广东广州', '4', 'jiaxuming@qq.com', '15644441234', '广东省广州市天河区冼村路', '78', '15', '33', '劳务合同', '初中', '通信工程', '西北大学', '2018-01-01', '在职', '00000047', '5.25', '2018-04-01', null, '2018-01-01', '2023-04-13', null);
INSERT INTO `employee` VALUES ('48', '张黎明5', '男', '1991-02-01', '610144199102014569', '已婚', '1', '广东', '6', 'zhangliming@qq.com', '18979994478', '广东珠海', '91', '15', '33', '劳动合同', '高中', '考古', '清华大学', '2018-01-01', '在职', '00000048', '7', '2018-04-01', null, '2018-01-01', '2025-01-30', null);
INSERT INTO `employee` VALUES ('49', '薛磊5', '男', '1992-07-01', '610144199207017895', '已婚', '1', '陕西西安', '13', 'xuelei@qq.com', '15648887741', '西安市雁塔区', '92', '14', '34', '劳动合同', '初中', '无', '华胥中学', '2018-01-01', '在职', '00000049', '6', '2018-04-01', null, '2018-01-01', '2024-01-17', null);
INSERT INTO `employee` VALUES ('50', '张洁5', '女', '1990-10-09', '420177199010093652', '未婚', '1', '海南', '5', 'zhangjie@qq.com', '13695557742', '海口市美兰区', '92', '16', '34', '劳动合同', '高中', '无', '海南侨中', '2018-01-01', '在职', '00000050', '1', '2018-01-31', null, '2018-01-01', '2019-01-01', null);
INSERT INTO `employee` VALUES ('51', '江南一点雨6', '男', '1990-01-01', '610122199001011256', '已婚', '1', '陕西', '13', 'laowang@qq.com', '18565558897', '深圳市南山区', '8', '9', '29', '劳动合同', '本科', '信息管理与信息系统', '深圳大学', '2018-01-01', '在职', '00000051', '1', '2018-04-01', null, '2018-01-01', '2019-01-01', null);
INSERT INTO `employee` VALUES ('52', '陈静6', '女', '1989-02-01', '421288198902011234', '已婚', '1', '海南', '1', 'chenjing@qq.com', '18795556693', '海南省海口市美兰区', '82', '12', '30', '劳动合同', '高中', '市场营销', '武汉大学', '2015-06-09', '在职', '00000052', '3', '2015-09-10', null, '2015-06-09', '2018-06-08', null);
INSERT INTO `employee` VALUES ('53', '赵琳浩6', '男', '1993-03-04', '610122199303041456', '未婚', '1', '陕西', '3', 'zhao@qq.com', '15698887795', '陕西省西安市莲湖区', '91', '12', '33', '劳动合同', '博士', '电子工程', '哈尔滨理工大学', '2018-01-01', '在职', '00000053', '3.5', '2018-04-01', null, '2018-01-01', '2021-07-14', null);
INSERT INTO `employee` VALUES ('54', '鹿存亮6', '男', '1990-01-03', '610122199001031456', '已婚', '1', '陕西', '3', 'zhao@qq.com', '15612347795', '陕西省西安市莲湖区', '92', '12', '34', '劳动合同', '高中', '电子工程', '哈尔滨理工大学', '2018-01-01', '在职', '00000054', '3.5', '2018-04-01', null, '2018-01-01', '2021-07-14', null);
INSERT INTO `employee` VALUES ('55', '姚森6', '男', '1991-02-05', '610122199102058952', '已婚', '1', '河南', '3', 'yaosen@qq.com', '14785559936', '河南洛阳人民大道58号', '92', '15', '34', '劳动合同', '初中', '室内装修设计', '西北大学', '2017-01-02', '在职', '00000055', '7', '2017-04-02', null, '2017-01-02', '2024-01-17', null);
INSERT INTO `employee` VALUES ('56', '云星6', '女', '1993-01-05', '610122199301054789', '已婚', '1', '陕西西安', '1', 'yunxing@qq.com', '15644442252', '陕西西安新城区', '92', '16', '34', '劳务合同', '硕士', '通信工程', '西安电子科技学校', '2018-01-01', '在职', '00000056', '5.25', '2018-04-01', null, '2018-01-01', '2023-04-13', null);
INSERT INTO `employee` VALUES ('1351', '江南一点雨', '男', '1990-01-01', '610122199001011256', '已婚', '1', '陕西', '13', 'laowang@qq.com', '18565558897', '深圳市南山区', '8', '9', '29', '劳动合同', '本科', '信息管理与信息系统', '深圳大学', '2018-01-01', '在职', '00000001', '1', null, null, '2018-01-01', '2019-01-01', null);
INSERT INTO `employee` VALUES ('1352', '陈静', '女', '1989-02-01', '421288198902011234', '已婚', '1', '海南', '1', 'chenjing@qq.com', '18795556693', '海南省海口市美兰区', '82', '12', '30', '劳动合同', '高中', '市场营销', '武汉大学', '2015-06-09', '在职', '00000002', '3', null, null, '2015-06-09', '2018-06-08', null);
INSERT INTO `employee` VALUES ('1353', '赵琳浩', '男', '1993-03-04', '610122199303041456', '未婚', '1', '陕西', '3', 'zhao@qq.com', '15698887795', '陕西省西安市莲湖区', '91', '12', '33', '劳动合同', '博士', '电子工程', '哈尔滨理工大学', '2018-01-01', '在职', '00000003', '3.5', null, null, '2018-01-01', '2021-07-14', null);
INSERT INTO `employee` VALUES ('1354', '鹿存亮', '男', '1990-01-03', '610122199001031456', '已婚', '1', '陕西', '3', 'zhao@qq.com', '15612347795', '陕西省西安市莲湖区', '92', '12', '34', '劳动合同', '高中', '电子工程', '哈尔滨理工大学', '2018-01-01', '在职', '00000004', '3.5', null, null, '2018-01-01', '2021-07-14', null);
INSERT INTO `employee` VALUES ('1355', '姚森', '男', '1991-02-05', '610122199102058952', '已婚', '1', '河南', '3', 'yaosen@qq.com', '14785559936', '河南洛阳人民大道58号', '92', '15', '34', '劳动合同', '初中', '室内装修设计', '西北大学', '2017-01-02', '在职', '00000005', '7', null, null, '2017-01-02', '2024-01-17', null);
INSERT INTO `employee` VALUES ('1357', '贾旭明', '男', '1993-11-11', '610122199311111234', '已婚', '1', '广东广州', '4', 'jiaxuming@qq.com', '15644441234', '广东省广州市天河区冼村路', '78', '15', '33', '劳务合同', '初中', '通信工程', '西北大学', '2018-01-01', '在职', '00000007', '5.25', null, null, '2018-01-01', '2023-04-13', null);
INSERT INTO `employee` VALUES ('1358', '张黎明', '男', '1991-02-01', '610144199102014569', '已婚', '1', '广东', '6', 'zhangliming@qq.com', '18979994478', '广东珠海', '91', '15', '33', '劳动合同', '高中', '考古', '清华大学', '2018-01-01', '在职', '00000008', '7', null, null, '2018-01-01', '2025-01-30', null);
INSERT INTO `employee` VALUES ('1359', '薛磊', '男', '1992-07-01', '610144199207017895', '已婚', '1', '陕西西安', '13', 'xuelei@qq.com', '15648887741', '西安市雁塔区', '92', '14', '34', '劳动合同', '初中', '无', '华胥中学', '2018-01-01', '在职', '00000009', '6', null, null, '2018-01-01', '2024-01-17', null);
INSERT INTO `employee` VALUES ('1360', '张洁', '女', '1990-10-09', '420177199010093652', '未婚', '1', '海南', '5', 'zhangjie@qq.com', '13695557742', '海口市美兰区', '92', '16', '34', '劳动合同', '高中', '无', '海南侨中', '2018-01-01', '在职', '00000010', '1', null, null, '2018-01-01', '2019-01-01', null);
INSERT INTO `employee` VALUES ('1361', '江南一点雨2', '男', '1990-01-01', '610122199001011256', '已婚', '1', '陕西', '13', 'laowang@qq.com', '18565558897', '深圳市南山区', '8', '9', '29', '劳动合同', '本科', '信息管理与信息系统', '深圳大学', '2018-01-01', '在职', '00000011', '1', null, null, '2018-01-01', '2019-01-01', null);
INSERT INTO `employee` VALUES ('1362', '陈静2', '女', '1989-02-01', '421288198902011234', '已婚', '1', '海南', '1', 'chenjing@qq.com', '18795556693', '海南省海口市美兰区', '82', '12', '30', '劳动合同', '高中', '市场营销', '武汉大学', '2015-06-09', '在职', '00000012', '3', null, null, '2015-06-09', '2018-06-08', null);
INSERT INTO `employee` VALUES ('1363', '赵琳浩2', '男', '1993-03-04', '610122199303041456', '未婚', '1', '陕西', '3', 'zhao@qq.com', '15698887795', '陕西省西安市莲湖区', '91', '12', '33', '劳动合同', '博士', '电子工程', '哈尔滨理工大学', '2018-01-01', '在职', '00000013', '3.5', null, null, '2018-01-01', '2021-07-14', null);
INSERT INTO `employee` VALUES ('1364', '鹿存亮2', '男', '1990-01-03', '610122199001031456', '已婚', '1', '陕西', '3', 'zhao@qq.com', '15612347795', '陕西省西安市莲湖区', '92', '12', '34', '劳动合同', '高中', '电子工程', '哈尔滨理工大学', '2018-01-01', '在职', '00000014', '3.5', null, null, '2018-01-01', '2021-07-14', null);
INSERT INTO `employee` VALUES ('1365', '姚森2', '男', '1991-02-05', '610122199102058952', '已婚', '1', '河南', '3', 'yaosen@qq.com', '14785559936', '河南洛阳人民大道58号', '92', '15', '34', '劳动合同', '初中', '室内装修设计', '西北大学', '2017-01-02', '在职', '00000015', '7', null, null, '2017-01-02', '2024-01-17', null);
INSERT INTO `employee` VALUES ('1366', '云星2', '女', '1993-01-05', '610122199301054789', '已婚', '1', '陕西西安', '1', 'yunxing@qq.com', '15644442252', '陕西西安新城区', '92', '16', '34', '劳务合同', '硕士', '通信工程', '西安电子科技学校', '2018-01-01', '在职', '00000016', '5.25', null, null, '2018-01-01', '2023-04-13', null);
INSERT INTO `employee` VALUES ('1367', '贾旭明2', '男', '1993-11-11', '610122199311111234', '已婚', '1', '广东广州', '4', 'jiaxuming@qq.com', '15644441234', '广东省广州市天河区冼村路', '78', '15', '33', '劳务合同', '初中', '通信工程', '西北大学', '2018-01-01', '在职', '00000017', '5.25', null, null, '2018-01-01', '2023-04-13', null);
INSERT INTO `employee` VALUES ('1368', '王一亭', '男', '1991-02-01', '610144199102014569', '已婚', '1', '广东', '6', 'zhangliming@qq.com', '18979994478', '广东珠海', '91', '15', '33', '劳动合同', '高中', '考古', '清华大学', '2018-01-01', '在职', '00000018', '7', null, null, '2018-01-01', '2025-01-30', null);
INSERT INTO `employee` VALUES ('1369', '薛磊2', '男', '1992-07-01', '610144199207017895', '已婚', '1', '陕西西安', '13', 'xuelei@qq.com', '15648887741', '西安市雁塔区', '92', '14', '34', '劳动合同', '初中', '无', '华胥中学', '2018-01-01', '在职', '00000019', '1', null, null, '2018-01-01', '2019-01-01', null);
INSERT INTO `employee` VALUES ('1370', '张洁2', '女', '1990-10-09', '420177199010093652', '未婚', '1', '海南', '5', 'zhangjie@qq.com', '13695557742', '海口市美兰区', '92', '16', '34', '劳动合同', '高中', '无', '海南侨中', '2018-01-01', '在职', '00000020', '1', null, null, '2018-01-01', '2019-01-01', null);
INSERT INTO `employee` VALUES ('1371', '江南一点雨3', '男', '1990-01-01', '610122199001011256', '已婚', '1', '陕西', '13', 'laowang@qq.com', '18565558897', '深圳市南山区', '8', '9', '29', '劳动合同', '本科', '信息管理与信息系统', '深圳大学', '2018-01-01', '在职', '00000021', '1', null, null, '2018-01-01', '2019-01-01', null);
INSERT INTO `employee` VALUES ('1372', '陈静3', '女', '1989-02-01', '421288198902011234', '已婚', '1', '海南', '1', 'chenjing@qq.com', '18795556693', '海南省海口市美兰区', '82', '12', '30', '劳动合同', '高中', '市场营销', '武汉大学', '2015-06-09', '在职', '00000022', '3', null, null, '2015-06-09', '2018-06-08', null);
INSERT INTO `employee` VALUES ('1373', '鹿存亮3', '男', '1990-01-03', '610122199001031456', '已婚', '1', '陕西', '3', 'zhao@qq.com', '15612347795', '陕西省西安市莲湖区', '92', '12', '34', '劳动合同', '高中', '电子工程', '哈尔滨理工大学', '2018-01-01', '在职', '00000024', '3.5', null, null, '2018-01-01', '2021-07-14', null);
INSERT INTO `employee` VALUES ('1374', '姚森3', '男', '1991-02-05', '610122199102058952', '已婚', '1', '河南', '3', 'yaosen@qq.com', '14785559936', '河南洛阳人民大道58号', '92', '15', '34', '劳动合同', '初中', '室内装修设计', '西北大学', '2017-01-02', '在职', '00000025', '7', null, null, '2017-01-02', '2024-01-17', null);
INSERT INTO `employee` VALUES ('1375', '云星3', '女', '1993-01-05', '610122199301054789', '已婚', '1', '陕西西安', '1', 'yunxing@qq.com', '15644442252', '陕西西安新城区', '92', '16', '34', '劳务合同', '硕士', '通信工程', '西安电子科技学校', '2018-01-01', '在职', '00000026', '5.25', null, null, '2018-01-01', '2023-04-13', null);
INSERT INTO `employee` VALUES ('1376', '贾旭明3', '男', '1993-11-11', '610122199311111234', '已婚', '1', '广东广州', '4', 'jiaxuming@qq.com', '15644441234', '广东省广州市天河区冼村路', '78', '15', '33', '劳务合同', '初中', '通信工程', '西北大学', '2018-01-01', '在职', '00000027', '5.25', null, null, '2018-01-01', '2023-04-13', null);
INSERT INTO `employee` VALUES ('1377', '张黎明3', '男', '1991-02-01', '610144199102014569', '已婚', '1', '广东', '6', 'zhangliming@qq.com', '18979994478', '广东珠海', '91', '15', '33', '劳动合同', '高中', '考古', '清华大学', '2018-01-01', '在职', '00000028', '7', null, null, '2018-01-01', '2025-01-30', null);
INSERT INTO `employee` VALUES ('1378', '薛磊3', '男', '1992-07-01', '610144199207017895', '已婚', '1', '陕西西安', '13', 'xuelei@qq.com', '15648887741', '西安市雁塔区', '92', '14', '34', '劳动合同', '初中', '无', '华胥中学', '2018-01-01', '在职', '00000029', '6', null, null, '2018-01-01', '2024-01-17', null);
INSERT INTO `employee` VALUES ('1379', '江南一点雨4', '男', '1990-01-01', '610122199001011256', '已婚', '1', '陕西', '13', 'laowang@qq.com', '18565558897', '深圳市南山区', '8', '9', '29', '劳动合同', '本科', '信息管理与信息系统', '深圳大学', '2018-01-01', '在职', '00000031', '1', null, null, '2018-01-01', '2019-01-01', null);
INSERT INTO `employee` VALUES ('1380', '陈静4', '女', '1989-02-01', '421288198902011234', '已婚', '1', '海南', '1', 'chenjing@qq.com', '18795556693', '海南省海口市美兰区', '82', '12', '30', '劳动合同', '高中', '市场营销', '武汉大学', '2015-06-09', '在职', '00000032', '3', null, null, '2015-06-09', '2018-06-08', null);
INSERT INTO `employee` VALUES ('1381', '赵琳浩4', '男', '1993-03-04', '610122199303041456', '未婚', '1', '陕西', '3', 'zhao@qq.com', '15698887795', '陕西省西安市莲湖区', '91', '12', '33', '劳动合同', '博士', '电子工程', '哈尔滨理工大学', '2018-01-01', '在职', '00000033', '3.5', null, null, '2018-01-01', '2021-07-14', null);
INSERT INTO `employee` VALUES ('1382', '鹿存亮4', '男', '1990-01-03', '610122199001031456', '已婚', '1', '陕西', '3', 'zhao@qq.com', '15612347795', '陕西省西安市莲湖区', '92', '12', '34', '劳动合同', '高中', '电子工程', '哈尔滨理工大学', '2018-01-01', '在职', '00000034', '3.5', null, null, '2018-01-01', '2021-07-14', null);
INSERT INTO `employee` VALUES ('1383', '姚森4', '男', '1991-02-05', '610122199102058952', '已婚', '1', '河南', '3', 'yaosen@qq.com', '14785559936', '河南洛阳人民大道58号', '92', '15', '34', '劳动合同', '初中', '室内装修设计', '西北大学', '2017-01-02', '在职', '00000035', '7', null, null, '2017-01-02', '2024-01-17', null);
INSERT INTO `employee` VALUES ('1384', '云星4', '女', '1993-01-05', '610122199301054789', '已婚', '1', '陕西西安', '1', 'yunxing@qq.com', '15644442252', '陕西西安新城区', '92', '16', '34', '劳务合同', '硕士', '通信工程', '西安电子科技学校', '2018-01-01', '在职', '00000036', '5.25', null, null, '2018-01-01', '2023-04-13', null);
INSERT INTO `employee` VALUES ('1385', '贾旭明4', '男', '1993-11-11', '610122199311111234', '已婚', '1', '广东广州', '4', 'jiaxuming@qq.com', '15644441234', '广东省广州市天河区冼村路', '78', '15', '33', '劳务合同', '初中', '通信工程', '西北大学', '2018-01-01', '在职', '00000037', '5.25', null, null, '2018-01-01', '2023-04-13', null);
INSERT INTO `employee` VALUES ('1411', '谢工', '女', '1970-01-01', '618177197001011234', '离异', '1', '江苏', '1', '584991843@qq.com', '18558887788', '北京', '91', '12', '29', '劳动合同', '本科', '计算机软件', '南华大学', '2018-01-01', '在职', '00000038', '5', '2019-01-01', null, '2018-01-01', '2023-01-01', null);
INSERT INTO `employee` VALUES ('1412', '林昭亮', '男', '1990-01-01', '610122199809091234', '已婚', '1', '广东', '13', '584991843@qq.com', '16767776654', '广东深圳', '91', '15', '33', '劳动合同', '大专', '计算机软件', '广东职业技术学院', '2018-01-01', '在职', '00000039', '5', '2018-04-01', null, '2018-01-01', '2023-01-01', null);
INSERT INTO `employee` VALUES ('1413', '11', '男', '2018-01-01', '610122201801011234', '已婚', '1', '1', '1', '584991843@qq.com', '111', '1', '89', '9', '29', '劳动合同', '本科', '1', '1', '2018-01-01', '在职', '00000040', '4', '2018-04-01', null, '2018-01-01', '2022-01-26', null);
INSERT INTO `employee` VALUES ('1414', '1', '男', '2018-01-01', '610188199809091234', '已婚', '1', '1', '1', '584991843@qq.com', '1', '1', '89', '9', '29', '劳动合同', '大专', '1', '1', '2018-01-31', '在职', '00000041', '1', '2018-01-31', null, '2018-01-31', '2019-01-31', null);
INSERT INTO `employee` VALUES ('1415', '1', '男', '2018-01-01', '610122199909090000', '已婚', '1', '1', '1', '584991843@qq.com', '1', '1', '78', '9', '29', '劳动合同', '大专', '1', '1', '2018-01-31', '在职', '00000042', '1', '2018-01-31', null, '2018-01-31', '2019-01-31', null);
INSERT INTO `employee` VALUES ('1416', '1', '男', '2018-01-01', '610122199909090000', '已婚', '1', '1', '1', '584991843@qq.com', '1', '1', '81', '9', '29', '劳动合同', '大专', '1', '1', '2018-01-31', '在职', '00000043', '0', '2018-01-31', null, '2018-01-31', '2018-01-31', null);
INSERT INTO `employee` VALUES ('1417', '1', '男', '2018-01-01', '610122199909099999', '已婚', '1', '1', '1', '584991843@qq.com', '1', '1', '87', '9', '29', '劳动合同', '大专', '1', '1', '2018-01-01', '在职', '00000044', '0', '2018-01-01', null, '2018-01-01', '2018-01-31', null);
INSERT INTO `employee` VALUES ('1418', '1', '男', '2018-01-01', '610122199909099999', '已婚', '1', '1', '1', '584991843@qq.com', '1', '1', '78', '9', '29', '劳动合同', '大专', '1', '1', '2018-01-01', '在职', '00000045', '0', '2018-01-01', null, '2018-01-01', '2018-01-31', null);
INSERT INTO `employee` VALUES ('1419', '林伯渠', '男', '2018-01-01', '610122199909099999', '未婚', '1', '1', '1', '584991843@qq.com', '1', '1', '8', '9', '29', '劳动合同', '大专', '1', '1', '2018-01-31', '在职', '00000046', '0', '2018-01-31', null, '2018-01-31', '2018-01-31', null);
INSERT INTO `employee` VALUES ('1420', '1', '男', '2018-01-01', '610122199909091234', '已婚', '1', '1', '1', '584991843@qq.com', '1', '1', '8', '9', '29', '劳动合同', '大专', '1', '1', '2018-01-31', '在职', '00000047', '0', '2018-01-31', null, '2018-01-31', '2018-01-31', null);
INSERT INTO `employee` VALUES ('1421', '江南一点雨', '男', '1990-01-01', '610122199001011256', '已婚', '1', '陕西', '13', 'laowang@qq.com', '18565558897', '深圳市南山区', '5', '9', '29', '劳务合同', '本科', '信息管理与信息系统', '深圳大学', '2018-01-01', '在职', '00000001', '2', null, null, '2018-01-01', '2020-01-01', null);
INSERT INTO `employee` VALUES ('1422', '陈静', '女', '1989-02-01', '421288198902011234', '已婚', '1', '海南', '1', 'chenjing@qq.com', '18795556693', '海南省海口市美兰区', '8', '12', '30', '劳动合同', '高中', '市场营销', '武汉大学', '2015-06-09', '在职', '00000002', '3', null, null, '2015-06-09', '2018-06-08', null);
INSERT INTO `employee` VALUES ('1423', '赵琳浩', '男', '1993-03-04', '610122199303041456', '未婚', '1', '陕西', '3', 'zhao@qq.com', '15698887795', '陕西省西安市莲湖区', '91', '12', '33', '劳动合同', '博士', '电子工程', '哈尔滨理工大学', '2018-01-01', '在职', '00000003', '3.5', null, null, '2018-01-01', '2021-07-14', null);
INSERT INTO `employee` VALUES ('1424', '鹿存亮', '男', '1990-01-03', '610122199001031456', '已婚', '1', '陕西', '3', 'zhao@qq.com', '15612347795', '陕西省西安市莲湖区', '92', '12', '34', '劳动合同', '高中', '电子工程', '哈尔滨理工大学', '2018-01-01', '在职', '00000004', '3.5', null, null, '2018-01-01', '2021-07-14', null);
INSERT INTO `employee` VALUES ('1425', '姚森', '男', '1991-02-05', '610122199102058952', '已婚', '1', '河南', '3', 'yaosen@qq.com', '14785559936', '河南洛阳人民大道58号', '92', '15', '34', '劳动合同', '硕士', '室内装修设计', '西北大学', '2017-01-02', '在职', '00000005', '7', null, null, '2017-01-02', '2024-01-17', null);
INSERT INTO `employee` VALUES ('1426', '云星', '女', '1993-01-05', '610122199301054789', '已婚', '1', '陕西西安', '1', 'yunxing@qq.com', '15644442252', '陕西西安新城区', '92', '16', '34', '劳务合同', '硕士', '通信工程', '西安电子科技学校', '2018-01-01', '在职', '00000006', '5.25', null, null, '2018-01-01', '2023-04-13', null);
INSERT INTO `employee` VALUES ('1427', '贾旭明', '男', '1993-11-11', '610122199311111234', '已婚', '1', '广东广州', '4', 'jiaxuming@qq.com', '15644441234', '广东省广州市天河区冼村路', '78', '15', '33', '劳务合同', '初中', '通信工程', '西北大学', '2018-01-01', '在职', '00000007', '5.25', null, null, '2018-01-01', '2023-04-13', null);
INSERT INTO `employee` VALUES ('1428', '张黎明', '男', '1991-02-01', '610144199102014569', '已婚', '1', '广东', '6', 'zhangliming@qq.com', '18979994478', '广东珠海', '91', '15', '33', '劳动合同', '高中', '考古', '清华大学', '2018-01-01', '在职', '00000008', '7', null, null, '2018-01-01', '2025-01-30', null);
INSERT INTO `employee` VALUES ('1429', '薛磊', '男', '1992-07-01', '610144199207017895', '已婚', '1', '陕西西安', '13', 'xuelei@qq.com', '15648887741', '西安市雁塔区', '92', '14', '34', '劳动合同', '初中', '无', '华胥中学', '2018-01-01', '在职', '00000009', '6', null, null, '2018-01-01', '2024-01-17', null);
INSERT INTO `employee` VALUES ('1430', '张洁', '女', '1990-10-09', '420177199010093652', '未婚', '1', '海南', '5', 'zhangjie@qq.com', '13695557742', '海口市美兰区', '92', '16', '34', '劳动合同', '高中', '无', '海南侨中', '2018-01-01', '在职', '00000010', '1', null, null, '2018-01-01', '2019-01-01', null);
INSERT INTO `employee` VALUES ('1431', '江南一点雨2', '男', '1990-01-01', '610122199001011256', '已婚', '1', '陕西', '13', 'laowang@qq.com', '18565558897', '深圳市南山区', '91', '9', '29', '劳动合同', '本科', '信息管理与信息系统', '深圳大学', '2018-01-01', '在职', '00000011', '1', null, null, '2018-01-01', '2019-01-01', null);
INSERT INTO `employee` VALUES ('1432', '陈静2', '女', '1989-02-01', '421288198902011234', '已婚', '1', '海南', '1', 'chenjing@qq.com', '18795556693', '海南省海口市美兰区', '82', '12', '30', '劳动合同', '高中', '市场营销', '武汉大学', '2015-06-09', '在职', '00000012', '3', null, null, '2015-06-09', '2018-06-08', null);
INSERT INTO `employee` VALUES ('1433', '赵琳浩2', '男', '1993-03-04', '610122199303041456', '未婚', '1', '陕西', '3', 'zhao@qq.com', '15698887795', '陕西省西安市莲湖区', '91', '12', '33', '劳动合同', '博士', '电子工程', '哈尔滨理工大学', '2018-01-01', '在职', '00000013', '3.5', null, null, '2018-01-01', '2021-07-14', null);
INSERT INTO `employee` VALUES ('1434', '鹿存亮2', '男', '1990-01-03', '610122199001031456', '已婚', '1', '陕西', '3', 'zhao@qq.com', '15612347795', '陕西省西安市莲湖区', '92', '12', '34', '劳动合同', '高中', '电子工程', '哈尔滨理工大学', '2018-01-01', '在职', '00000014', '3.5', null, null, '2018-01-01', '2021-07-14', null);
INSERT INTO `employee` VALUES ('1435', '姚森2', '男', '1991-02-05', '610122199102058952', '已婚', '1', '河南', '3', 'yaosen@qq.com', '14785559936', '河南洛阳人民大道58号', '92', '15', '34', '劳动合同', '初中', '室内装修设计', '西北大学', '2017-01-02', '在职', '00000015', '7', null, null, '2017-01-02', '2024-01-17', null);
INSERT INTO `employee` VALUES ('1436', '云星2', '女', '1993-01-05', '610122199301054789', '已婚', '1', '陕西西安', '1', 'yunxing@qq.com', '15644442252', '陕西西安新城区', '92', '16', '34', '劳务合同', '硕士', '通信工程', '西安电子科技学校', '2018-01-01', '在职', '00000016', '5.25', null, null, '2018-01-01', '2023-04-13', null);
INSERT INTO `employee` VALUES ('1437', '贾旭明2', '男', '1993-11-11', '610122199311111234', '已婚', '1', '广东广州', '4', 'jiaxuming@qq.com', '15644441234', '广东省广州市天河区冼村路', '78', '15', '33', '劳务合同', '初中', '通信工程', '西北大学', '2018-01-01', '在职', '00000017', '5.25', null, null, '2018-01-01', '2023-04-13', null);
INSERT INTO `employee` VALUES ('1438', '王一亭', '男', '1991-02-01', '610144199102014569', '已婚', '1', '广东', '6', 'zhangliming@qq.com', '18979994478', '广东珠海', '91', '15', '33', '劳动合同', '高中', '考古', '清华大学', '2018-01-01', '在职', '00000018', '7', null, null, '2018-01-01', '2025-01-30', null);
INSERT INTO `employee` VALUES ('1439', '薛磊2', '男', '1992-07-01', '610144199207017895', '已婚', '1', '陕西西安', '13', 'xuelei@qq.com', '15648887741', '西安市雁塔区', '92', '14', '34', '劳动合同', '初中', '无', '华胥中学', '2018-01-01', '在职', '00000019', '1', null, null, '2018-01-01', '2019-01-01', null);
INSERT INTO `employee` VALUES ('1440', '张洁2', '女', '1990-10-09', '420177199010093652', '未婚', '1', '海南', '5', 'zhangjie@qq.com', '13695557742', '海口市美兰区', '92', '16', '34', '劳动合同', '高中', '无', '海南侨中', '2018-01-01', '在职', '00000020', '1', null, null, '2018-01-01', '2019-01-01', null);
INSERT INTO `employee` VALUES ('1441', '江南一点雨3', '男', '1990-01-01', '610122199001011256', '已婚', '1', '陕西', '13', 'laowang@qq.com', '18565558897', '深圳市南山区', '8', '9', '29', '劳动合同', '本科', '信息管理与信息系统', '深圳大学', '2018-01-01', '在职', '00000021', '1', null, null, '2018-01-01', '2019-01-01', null);
INSERT INTO `employee` VALUES ('1442', '陈静3', '女', '1989-02-01', '421288198902011234', '已婚', '1', '海南', '1', 'chenjing@qq.com', '18795556693', '海南省海口市美兰区', '82', '12', '30', '劳动合同', '高中', '市场营销', '武汉大学', '2015-06-09', '在职', '00000022', '3', null, null, '2015-06-09', '2018-06-08', null);
INSERT INTO `employee` VALUES ('1443', '鹿存亮3', '男', '1990-01-03', '610122199001031456', '已婚', '1', '陕西', '3', 'zhao@qq.com', '15612347795', '陕西省西安市莲湖区', '92', '12', '34', '劳动合同', '高中', '电子工程', '哈尔滨理工大学', '2018-01-01', '在职', '00000024', '3.5', null, null, '2018-01-01', '2021-07-14', null);
INSERT INTO `employee` VALUES ('1444', '姚森3', '男', '1991-02-05', '610122199102058952', '已婚', '1', '河南', '3', 'yaosen@qq.com', '14785559936', '河南洛阳人民大道58号', '92', '15', '34', '劳动合同', '初中', '室内装修设计', '西北大学', '2017-01-02', '在职', '00000025', '7', null, null, '2017-01-02', '2024-01-17', null);
INSERT INTO `employee` VALUES ('1445', '云星3', '女', '1993-01-05', '610122199301054789', '已婚', '1', '陕西西安', '1', 'yunxing@qq.com', '15644442252', '陕西西安新城区', '92', '16', '34', '劳务合同', '硕士', '通信工程', '西安电子科技学校', '2018-01-01', '在职', '00000026', '5.25', null, null, '2018-01-01', '2023-04-13', null);
INSERT INTO `employee` VALUES ('1446', '贾旭明3', '男', '1993-11-11', '610122199311111234', '已婚', '1', '广东广州', '4', 'jiaxuming@qq.com', '15644441234', '广东省广州市天河区冼村路', '78', '15', '33', '劳务合同', '初中', '通信工程', '西北大学', '2018-01-01', '在职', '00000027', '5.25', null, null, '2018-01-01', '2023-04-13', null);
INSERT INTO `employee` VALUES ('1447', '张黎明3', '男', '1991-02-01', '610144199102014569', '已婚', '1', '广东', '6', 'zhangliming@qq.com', '18979994478', '广东珠海', '91', '15', '33', '劳动合同', '高中', '考古', '清华大学', '2018-01-01', '在职', '00000028', '7', null, null, '2018-01-01', '2025-01-30', null);
INSERT INTO `employee` VALUES ('1448', '薛磊3', '男', '1992-07-01', '610144199207017895', '已婚', '1', '陕西西安', '13', 'xuelei@qq.com', '15648887741', '西安市雁塔区', '92', '14', '34', '劳动合同', '初中', '无', '华胥中学', '2018-01-01', '在职', '00000029', '6', null, null, '2018-01-01', '2024-01-17', null);
INSERT INTO `employee` VALUES ('1449', '江南一点雨4', '男', '1990-01-01', '610122199001011256', '已婚', '1', '陕西', '13', 'laowang@qq.com', '18565558897', '深圳市南山区', '8', '9', '29', '劳动合同', '本科', '信息管理与信息系统', '深圳大学', '2018-01-01', '在职', '00000031', '1', null, null, '2018-01-01', '2019-01-01', null);
INSERT INTO `employee` VALUES ('1450', '陈静4', '女', '1989-02-01', '421288198902011234', '已婚', '1', '海南', '1', 'chenjing@qq.com', '18795556693', '海南省海口市美兰区', '82', '12', '30', '劳动合同', '高中', '市场营销', '武汉大学', '2015-06-09', '在职', '00000032', '3', null, null, '2015-06-09', '2018-06-08', null);
INSERT INTO `employee` VALUES ('1451', '赵琳浩4', '男', '1993-03-04', '610122199303041456', '未婚', '1', '陕西', '3', 'zhao@qq.com', '15698887795', '陕西省西安市莲湖区', '91', '12', '33', '劳动合同', '博士', '电子工程', '哈尔滨理工大学', '2018-01-01', '在职', '00000033', '3.5', null, null, '2018-01-01', '2021-07-14', null);
INSERT INTO `employee` VALUES ('1452', '鹿存亮4', '男', '1990-01-03', '610122199001031456', '已婚', '1', '陕西', '3', 'zhao@qq.com', '15612347795', '陕西省西安市莲湖区', '92', '12', '34', '劳动合同', '高中', '电子工程', '哈尔滨理工大学', '2018-01-01', '在职', '00000034', '3.5', null, null, '2018-01-01', '2021-07-14', null);
INSERT INTO `employee` VALUES ('1453', '姚森4', '男', '1991-02-05', '610122199102058952', '已婚', '1', '河南', '3', 'yaosen@qq.com', '14785559936', '河南洛阳人民大道58号', '92', '15', '34', '劳动合同', '初中', '室内装修设计', '西北大学', '2017-01-02', '在职', '00000035', '7', null, null, '2017-01-02', '2024-01-17', null);
INSERT INTO `employee` VALUES ('1454', '云星4', '女', '1993-01-05', '610122199301054789', '已婚', '1', '陕西西安', '1', 'yunxing@qq.com', '15644442252', '陕西西安新城区', '92', '16', '34', '劳务合同', '硕士', '通信工程', '西安电子科技学校', '2018-01-01', '在职', '00000036', '5.25', null, null, '2018-01-01', '2023-04-13', null);
INSERT INTO `employee` VALUES ('1455', '贾旭明4', '男', '1993-11-11', '610122199311111234', '已婚', '1', '广东广州', '4', 'jiaxuming@qq.com', '15644441234', '广东省广州市天河区冼村路', '78', '15', '33', '劳务合同', '初中', '通信工程', '西北大学', '2018-01-01', '在职', '00000037', '5.25', null, null, '2018-01-01', '2023-04-13', null);
INSERT INTO `employee` VALUES ('1456', '张黎明2', '男', '1991-02-01', '610144199102014569', '已婚', '1', '广东', '6', 'zhangliming@qq.com', '18979994478', '广东珠海', '91', '15', '33', '劳动合同', '高中', '考古', '清华大学', '2018-01-01', '在职', '00000038', '7', null, null, '2018-01-01', '2025-01-30', null);
INSERT INTO `employee` VALUES ('1457', '薛磊4', '男', '1992-07-01', '610144199207017895', '已婚', '1', '陕西西安', '13', 'xuelei@qq.com', '15648887741', '西安市雁塔区', '92', '14', '34', '劳动合同', '初中', '无', '华胥中学', '2018-01-01', '在职', '00000039', '6', null, null, '2018-01-01', '2024-01-17', null);
INSERT INTO `employee` VALUES ('1458', '张洁4', '女', '1990-10-09', '420177199010093652', '未婚', '1', '海南', '5', 'zhangjie@qq.com', '13695557742', '海口市美兰区', '92', '16', '34', '劳动合同', '高中', '无', '海南侨中', '2018-01-01', '在职', '00000040', '1', null, null, '2018-01-01', '2019-01-01', null);
INSERT INTO `employee` VALUES ('1459', '江南一点雨5', '男', '1990-01-01', '610122199001011256', '已婚', '1', '陕西', '13', 'laowang@qq.com', '18565558897', '深圳市南山区', '8', '9', '29', '劳动合同', '本科', '信息管理与信息系统', '深圳大学', '2018-01-01', '在职', '00000041', '1', null, null, '2018-01-01', '2019-01-01', null);
INSERT INTO `employee` VALUES ('1460', '陈静5', '女', '1989-02-01', '421288198902011234', '已婚', '1', '海南', '1', 'chenjing@qq.com', '18795556693', '海南省海口市美兰区', '82', '12', '30', '劳动合同', '高中', '市场营销', '武汉大学', '2015-06-09', '在职', '00000042', '3', null, null, '2015-06-09', '2018-06-08', null);
INSERT INTO `employee` VALUES ('1461', '赵琳浩5', '男', '1993-03-04', '610122199303041456', '未婚', '1', '陕西', '3', 'zhao@qq.com', '15698887795', '陕西省西安市莲湖区', '91', '12', '33', '劳动合同', '博士', '电子工程', '哈尔滨理工大学', '2018-01-01', '在职', '00000043', '3.5', null, null, '2018-01-01', '2021-07-14', null);
INSERT INTO `employee` VALUES ('1462', '鹿存亮5', '男', '1990-01-03', '610122199001031456', '已婚', '1', '陕西', '3', 'zhao@qq.com', '15612347795', '陕西省西安市莲湖区', '92', '12', '34', '劳动合同', '高中', '电子工程', '哈尔滨理工大学', '2018-01-01', '在职', '00000044', '3.5', null, null, '2018-01-01', '2021-07-14', null);
INSERT INTO `employee` VALUES ('1463', '姚森5', '男', '1991-02-05', '610122199102058952', '已婚', '1', '河南', '3', 'yaosen@qq.com', '14785559936', '河南洛阳人民大道58号', '92', '15', '34', '劳动合同', '初中', '室内装修设计', '西北大学', '2017-01-02', '在职', '00000045', '7', null, null, '2017-01-02', '2024-01-17', null);
INSERT INTO `employee` VALUES ('1464', '云星5', '女', '1993-01-05', '610122199301054789', '已婚', '1', '陕西西安', '1', 'yunxing@qq.com', '15644442252', '陕西西安新城区', '92', '16', '34', '劳务合同', '硕士', '通信工程', '西安电子科技学校', '2018-01-01', '在职', '00000046', '5.25', null, null, '2018-01-01', '2023-04-13', null);
INSERT INTO `employee` VALUES ('1465', '贾旭明5', '男', '1993-11-11', '610122199311111234', '已婚', '1', '广东广州', '4', 'jiaxuming@qq.com', '15644441234', '广东省广州市天河区冼村路', '78', '15', '33', '劳务合同', '初中', '通信工程', '西北大学', '2018-01-01', '在职', '00000047', '5.25', null, null, '2018-01-01', '2023-04-13', null);
INSERT INTO `employee` VALUES ('1466', '张黎明5', '男', '1991-02-01', '610144199102014569', '已婚', '1', '广东', '6', 'zhangliming@qq.com', '18979994478', '广东珠海', '91', '15', '33', '劳动合同', '高中', '考古', '清华大学', '2018-01-01', '在职', '00000048', '7', null, null, '2018-01-01', '2025-01-30', null);
INSERT INTO `employee` VALUES ('1467', '薛磊5', '男', '1992-07-01', '610144199207017895', '已婚', '1', '陕西西安', '13', 'xuelei@qq.com', '15648887741', '西安市雁塔区', '92', '14', '34', '劳动合同', '初中', '无', '华胥中学', '2018-01-01', '在职', '00000049', '6', null, null, '2018-01-01', '2024-01-17', null);
INSERT INTO `employee` VALUES ('1468', '张洁5', '女', '1990-10-09', '420177199010093652', '未婚', '1', '海南', '5', 'zhangjie@qq.com', '13695557742', '海口市美兰区', '92', '16', '34', '劳动合同', '高中', '无', '海南侨中', '2018-01-01', '在职', '00000050', '1', null, null, '2018-01-01', '2019-01-01', null);
INSERT INTO `employee` VALUES ('1469', '江南一点雨6', '男', '1990-01-01', '610122199001011256', '已婚', '1', '陕西', '13', 'laowang@qq.com', '18565558897', '深圳市南山区', '8', '9', '29', '劳动合同', '本科', '信息管理与信息系统', '深圳大学', '2018-01-01', '在职', '00000051', '1', null, null, '2018-01-01', '2019-01-01', null);
INSERT INTO `employee` VALUES ('1470', '陈静6', '女', '1989-02-01', '421288198902011234', '已婚', '1', '海南', '1', 'chenjing@qq.com', '18795556693', '海南省海口市美兰区', '82', '12', '30', '劳动合同', '高中', '市场营销', '武汉大学', '2015-06-09', '在职', '00000052', '3', null, null, '2015-06-09', '2018-06-08', null);
INSERT INTO `employee` VALUES ('1471', '赵琳浩6', '男', '1993-03-04', '610122199303041456', '未婚', '1', '陕西', '3', 'zhao@qq.com', '15698887795', '陕西省西安市莲湖区', '91', '12', '33', '劳动合同', '博士', '电子工程', '哈尔滨理工大学', '2018-01-01', '在职', '00000053', '3.5', null, null, '2018-01-01', '2021-07-14', null);
INSERT INTO `employee` VALUES ('1472', '鹿存亮6', '男', '1990-01-03', '610122199001031456', '已婚', '1', '陕西', '3', 'zhao@qq.com', '15612347795', '陕西省西安市莲湖区', '92', '12', '34', '劳动合同', '高中', '电子工程', '哈尔滨理工大学', '2018-01-01', '在职', '00000054', '3.5', null, null, '2018-01-01', '2021-07-14', null);
INSERT INTO `employee` VALUES ('1473', '姚森6', '男', '1991-02-05', '610122199102058952', '已婚', '1', '河南', '3', 'yaosen@qq.com', '14785559936', '河南洛阳人民大道58号', '92', '15', '34', '劳动合同', '初中', '室内装修设计', '西北大学', '2017-01-02', '在职', '00000055', '7', null, null, '2017-01-02', '2024-01-17', null);
INSERT INTO `employee` VALUES ('1474', '云星6', '女', '1993-01-05', '610122199301054789', '已婚', '1', '陕西西安', '1', 'yunxing@qq.com', '15644442252', '陕西西安新城区', '92', '16', '34', '劳务合同', '硕士', '通信工程', '西安电子科技学校', '2018-01-01', '在职', '00000056', '5.25', null, null, '2018-01-01', '2023-04-13', null);
INSERT INTO `employee` VALUES ('1475', '江南一点雨', '男', '1990-01-01', '610122199001011256', '已婚', '1', '陕西', '13', 'laowang@qq.com', '18565558897', '深圳市南山区', '8', '9', '29', '劳动合同', '本科', '信息管理与信息系统', '深圳大学', '2018-01-01', '在职', '00000001', '1', null, null, '2018-01-01', '2019-01-01', null);
INSERT INTO `employee` VALUES ('1476', '陈静', '女', '1989-02-01', '421288198902011234', '已婚', '1', '海南', '1', 'chenjing@qq.com', '18795556693', '海南省海口市美兰区', '82', '12', '30', '劳动合同', '高中', '市场营销', '武汉大学', '2015-06-09', '在职', '00000002', '3', null, null, '2015-06-09', '2018-06-08', null);
INSERT INTO `employee` VALUES ('1477', '赵琳浩', '男', '1993-03-04', '610122199303041456', '未婚', '1', '陕西', '3', 'zhao@qq.com', '15698887795', '陕西省西安市莲湖区', '91', '12', '33', '劳动合同', '博士', '电子工程', '哈尔滨理工大学', '2018-01-01', '在职', '00000003', '3.5', null, null, '2018-01-01', '2021-07-14', null);
INSERT INTO `employee` VALUES ('1478', '鹿存亮', '男', '1990-01-03', '610122199001031456', '已婚', '1', '陕西', '3', 'zhao@qq.com', '15612347795', '陕西省西安市莲湖区', '92', '12', '34', '劳动合同', '高中', '电子工程', '哈尔滨理工大学', '2018-01-01', '在职', '00000004', '3.5', null, null, '2018-01-01', '2021-07-14', null);
INSERT INTO `employee` VALUES ('1479', '姚森', '男', '1991-02-05', '610122199102058952', '已婚', '1', '河南', '3', 'yaosen@qq.com', '14785559936', '河南洛阳人民大道58号', '92', '15', '34', '劳动合同', '初中', '室内装修设计', '西北大学', '2017-01-02', '在职', '00000005', '7', null, null, '2017-01-02', '2024-01-17', null);
INSERT INTO `employee` VALUES ('1480', '贾旭明', '男', '1993-11-11', '610122199311111234', '已婚', '1', '广东广州', '4', 'jiaxuming@qq.com', '15644441234', '广东省广州市天河区冼村路', '78', '15', '33', '劳务合同', '初中', '通信工程', '西北大学', '2018-01-01', '在职', '00000007', '5.25', null, null, '2018-01-01', '2023-04-13', null);
INSERT INTO `employee` VALUES ('1481', '张黎明', '男', '1991-02-01', '610144199102014569', '已婚', '1', '广东', '6', 'zhangliming@qq.com', '18979994478', '广东珠海', '91', '15', '33', '劳动合同', '高中', '考古', '清华大学', '2018-01-01', '在职', '00000008', '7', null, null, '2018-01-01', '2025-01-30', null);
INSERT INTO `employee` VALUES ('1482', '薛磊', '男', '1992-07-01', '610144199207017895', '已婚', '1', '陕西西安', '13', 'xuelei@qq.com', '15648887741', '西安市雁塔区', '92', '14', '34', '劳动合同', '初中', '无', '华胥中学', '2018-01-01', '在职', '00000009', '6', null, null, '2018-01-01', '2024-01-17', null);
INSERT INTO `employee` VALUES ('1483', '张洁', '女', '1990-10-09', '420177199010093652', '未婚', '1', '海南', '5', 'zhangjie@qq.com', '13695557742', '海口市美兰区', '92', '16', '34', '劳动合同', '高中', '无', '海南侨中', '2018-01-01', '在职', '00000010', '1', null, null, '2018-01-01', '2019-01-01', null);
INSERT INTO `employee` VALUES ('1484', '江南一点雨2', '男', '1990-01-01', '610122199001011256', '已婚', '1', '陕西', '13', 'laowang@qq.com', '18565558897', '深圳市南山区', '8', '9', '29', '劳动合同', '本科', '信息管理与信息系统', '深圳大学', '2018-01-01', '在职', '00000011', '1', null, null, '2018-01-01', '2019-01-01', null);
INSERT INTO `employee` VALUES ('1485', '陈静2', '女', '1989-02-01', '421288198902011234', '已婚', '1', '海南', '1', 'chenjing@qq.com', '18795556693', '海南省海口市美兰区', '82', '12', '30', '劳动合同', '高中', '市场营销', '武汉大学', '2015-06-09', '在职', '00000012', '3', null, null, '2015-06-09', '2018-06-08', null);
INSERT INTO `employee` VALUES ('1486', '赵琳浩2', '男', '1993-03-04', '610122199303041456', '未婚', '1', '陕西', '3', 'zhao@qq.com', '15698887795', '陕西省西安市莲湖区', '91', '12', '33', '劳动合同', '博士', '电子工程', '哈尔滨理工大学', '2018-01-01', '在职', '00000013', '3.5', null, null, '2018-01-01', '2021-07-14', null);
INSERT INTO `employee` VALUES ('1487', '鹿存亮2', '男', '1990-01-03', '610122199001031456', '已婚', '1', '陕西', '3', 'zhao@qq.com', '15612347795', '陕西省西安市莲湖区', '92', '12', '34', '劳动合同', '高中', '电子工程', '哈尔滨理工大学', '2018-01-01', '在职', '00000014', '3.5', null, null, '2018-01-01', '2021-07-14', null);
INSERT INTO `employee` VALUES ('1488', '姚森2', '男', '1991-02-05', '610122199102058952', '已婚', '1', '河南', '3', 'yaosen@qq.com', '14785559936', '河南洛阳人民大道58号', '92', '15', '34', '劳动合同', '初中', '室内装修设计', '西北大学', '2017-01-02', '在职', '00000015', '7', null, null, '2017-01-02', '2024-01-17', null);
INSERT INTO `employee` VALUES ('1489', '云星2', '女', '1993-01-05', '610122199301054789', '已婚', '1', '陕西西安', '1', 'yunxing@qq.com', '15644442252', '陕西西安新城区', '92', '16', '34', '劳务合同', '硕士', '通信工程', '西安电子科技学校', '2018-01-01', '在职', '00000016', '5.25', null, null, '2018-01-01', '2023-04-13', null);
INSERT INTO `employee` VALUES ('1490', '贾旭明2', '男', '1993-11-11', '610122199311111234', '已婚', '1', '广东广州', '4', 'jiaxuming@qq.com', '15644441234', '广东省广州市天河区冼村路', '78', '15', '33', '劳务合同', '初中', '通信工程', '西北大学', '2018-01-01', '在职', '00000017', '5.25', null, null, '2018-01-01', '2023-04-13', null);
INSERT INTO `employee` VALUES ('1491', '王一亭', '男', '1991-02-01', '610144199102014569', '已婚', '1', '广东', '6', 'zhangliming@qq.com', '18979994478', '广东珠海', '91', '15', '33', '劳动合同', '高中', '考古', '清华大学', '2018-01-01', '在职', '00000018', '7', null, null, '2018-01-01', '2025-01-30', null);
INSERT INTO `employee` VALUES ('1492', '薛磊2', '男', '1992-07-01', '610144199207017895', '已婚', '1', '陕西西安', '13', 'xuelei@qq.com', '15648887741', '西安市雁塔区', '92', '14', '34', '劳动合同', '初中', '无', '华胥中学', '2018-01-01', '在职', '00000019', '1', null, null, '2018-01-01', '2019-01-01', null);
INSERT INTO `employee` VALUES ('1493', '张洁2', '女', '1990-10-09', '420177199010093652', '未婚', '1', '海南', '5', 'zhangjie@qq.com', '13695557742', '海口市美兰区', '92', '16', '34', '劳动合同', '高中', '无', '海南侨中', '2018-01-01', '在职', '00000020', '1', null, null, '2018-01-01', '2019-01-01', null);
INSERT INTO `employee` VALUES ('1494', '江南一点雨3', '男', '1990-01-01', '610122199001011256', '已婚', '1', '陕西', '13', 'laowang@qq.com', '18565558897', '深圳市南山区', '8', '9', '29', '劳动合同', '本科', '信息管理与信息系统', '深圳大学', '2018-01-01', '在职', '00000021', '1', null, null, '2018-01-01', '2019-01-01', null);
INSERT INTO `employee` VALUES ('1495', '陈静3', '女', '1989-02-01', '421288198902011234', '已婚', '1', '海南', '1', 'chenjing@qq.com', '18795556693', '海南省海口市美兰区', '82', '12', '30', '劳动合同', '高中', '市场营销', '武汉大学', '2015-06-09', '在职', '00000022', '3', null, null, '2015-06-09', '2018-06-08', null);
INSERT INTO `employee` VALUES ('1496', '鹿存亮3', '男', '1990-01-03', '610122199001031456', '已婚', '1', '陕西', '3', 'zhao@qq.com', '15612347795', '陕西省西安市莲湖区', '92', '12', '34', '劳动合同', '高中', '电子工程', '哈尔滨理工大学', '2018-01-01', '在职', '00000024', '3.5', null, null, '2018-01-01', '2021-07-14', null);
INSERT INTO `employee` VALUES ('1497', '姚森3', '男', '1991-02-05', '610122199102058952', '已婚', '1', '河南', '3', 'yaosen@qq.com', '14785559936', '河南洛阳人民大道58号', '92', '15', '34', '劳动合同', '初中', '室内装修设计', '西北大学', '2017-01-02', '在职', '00000025', '7', null, null, '2017-01-02', '2024-01-17', null);
INSERT INTO `employee` VALUES ('1498', '云星3', '女', '1993-01-05', '610122199301054789', '已婚', '1', '陕西西安', '1', 'yunxing@qq.com', '15644442252', '陕西西安新城区', '92', '16', '34', '劳务合同', '硕士', '通信工程', '西安电子科技学校', '2018-01-01', '在职', '00000026', '5.25', null, null, '2018-01-01', '2023-04-13', null);
INSERT INTO `employee` VALUES ('1499', '贾旭明3', '男', '1993-11-11', '610122199311111234', '已婚', '1', '广东广州', '4', 'jiaxuming@qq.com', '15644441234', '广东省广州市天河区冼村路', '78', '15', '33', '劳务合同', '初中', '通信工程', '西北大学', '2018-01-01', '在职', '00000027', '5.25', null, null, '2018-01-01', '2023-04-13', null);
INSERT INTO `employee` VALUES ('1500', '张黎明3', '男', '1991-02-01', '610144199102014569', '已婚', '1', '广东', '6', 'zhangliming@qq.com', '18979994478', '广东珠海', '91', '15', '33', '劳动合同', '高中', '考古', '清华大学', '2018-01-01', '在职', '00000028', '7', null, null, '2018-01-01', '2025-01-30', null);
INSERT INTO `employee` VALUES ('1501', '薛磊3', '男', '1992-07-01', '610144199207017895', '已婚', '1', '陕西西安', '13', 'xuelei@qq.com', '15648887741', '西安市雁塔区', '92', '14', '34', '劳动合同', '初中', '无', '华胥中学', '2018-01-01', '在职', '00000029', '6', null, null, '2018-01-01', '2024-01-17', null);
INSERT INTO `employee` VALUES ('1502', '江南一点雨4', '男', '1990-01-01', '610122199001011256', '已婚', '1', '陕西', '13', 'laowang@qq.com', '18565558897', '深圳市南山区', '8', '9', '29', '劳动合同', '本科', '信息管理与信息系统', '深圳大学', '2018-01-01', '在职', '00000031', '1', null, null, '2018-01-01', '2019-01-01', null);
INSERT INTO `employee` VALUES ('1503', '陈静4', '女', '1989-02-01', '421288198902011234', '已婚', '1', '海南', '1', 'chenjing@qq.com', '18795556693', '海南省海口市美兰区', '82', '12', '30', '劳动合同', '高中', '市场营销', '武汉大学', '2015-06-09', '在职', '00000032', '3', null, null, '2015-06-09', '2018-06-08', null);
INSERT INTO `employee` VALUES ('1504', '赵琳浩4', '男', '1993-03-04', '610122199303041456', '未婚', '1', '陕西', '3', 'zhao@qq.com', '15698887795', '陕西省西安市莲湖区', '91', '12', '33', '劳动合同', '博士', '电子工程', '哈尔滨理工大学', '2018-01-01', '在职', '00000033', '3.5', null, null, '2018-01-01', '2021-07-14', null);
INSERT INTO `employee` VALUES ('1505', '鹿存亮4', '男', '1990-01-03', '610122199001031456', '已婚', '1', '陕西', '3', 'zhao@qq.com', '15612347795', '陕西省西安市莲湖区', '92', '12', '34', '劳动合同', '高中', '电子工程', '哈尔滨理工大学', '2018-01-01', '在职', '00000034', '3.5', null, null, '2018-01-01', '2021-07-14', null);
INSERT INTO `employee` VALUES ('1506', '姚森4', '男', '1991-02-05', '610122199102058952', '已婚', '1', '河南', '3', 'yaosen@qq.com', '14785559936', '河南洛阳人民大道58号', '92', '15', '34', '劳动合同', '初中', '室内装修设计', '西北大学', '2017-01-02', '在职', '00000035', '7', null, null, '2017-01-02', '2024-01-17', null);
INSERT INTO `employee` VALUES ('1507', '云星4', '女', '1993-01-05', '610122199301054789', '已婚', '1', '陕西西安', '1', 'yunxing@qq.com', '15644442252', '陕西西安新城区', '92', '16', '34', '劳务合同', '硕士', '通信工程', '西安电子科技学校', '2018-01-01', '在职', '00000036', '5.25', null, null, '2018-01-01', '2023-04-13', null);
INSERT INTO `employee` VALUES ('1508', '贾旭明4', '男', '1993-11-11', '610122199311111234', '已婚', '1', '广东广州', '4', 'jiaxuming@qq.com', '15644441234', '广东省广州市天河区冼村路', '78', '15', '33', '劳务合同', '初中', '通信工程', '西北大学', '2018-01-01', '在职', '00000037', '5.25', null, null, '2018-01-01', '2023-04-13', null);
INSERT INTO `employee` VALUES ('1509', '谢工', '女', '1970-01-01', '618177197001011234', '离异', '1', '江苏', '1', '584991843@qq.com', '18558887788', '北京', '91', '12', '29', '劳动合同', '本科', '计算机软件', '南华大学', '2018-01-01', '在职', '00000038', '5', null, null, '2018-01-01', '2023-01-01', null);
INSERT INTO `employee` VALUES ('1510', '林昭亮', '男', '1990-01-01', '610122199809091234', '已婚', '1', '广东', '13', '584991843@qq.com', '16767776654', '广东深圳', '91', '15', '33', '劳动合同', '大专', '计算机软件', '广东职业技术学院', '2018-01-01', '在职', '00000039', '5', null, null, '2018-01-01', '2023-01-01', null);
INSERT INTO `employee` VALUES ('1511', '11', '男', '2018-01-01', '610122201801011234', '已婚', '1', '1', '1', '584991843@qq.com', '111', '1', '89', '9', '29', '劳动合同', '本科', '1', '1', '2018-01-01', '在职', '00000040', '4', null, null, '2018-01-01', '2022-01-26', null);
INSERT INTO `employee` VALUES ('1512', '1', '男', '2018-01-01', '610188199809091234', '已婚', '1', '1', '1', '584991843@qq.com', '1', '1', '89', '9', '29', '劳动合同', '大专', '1', '1', '2018-01-31', '在职', '00000041', '1', null, null, '2018-01-31', '2019-01-31', null);
INSERT INTO `employee` VALUES ('1513', '1', '男', '2018-01-01', '610122199909090000', '已婚', '1', '1', '1', '584991843@qq.com', '1', '1', '78', '9', '29', '劳动合同', '大专', '1', '1', '2018-01-31', '在职', '00000042', '1', null, null, '2018-01-31', '2019-01-31', null);
INSERT INTO `employee` VALUES ('1514', '1', '男', '2018-01-01', '610122199909090000', '已婚', '1', '1', '1', '584991843@qq.com', '1', '1', '81', '9', '29', '劳动合同', '大专', '1', '1', '2018-01-31', '在职', '00000043', '0', null, null, '2018-01-31', '2018-01-31', null);
INSERT INTO `employee` VALUES ('1515', '1', '男', '2018-01-01', '610122199909099999', '已婚', '1', '1', '1', '584991843@qq.com', '1', '1', '87', '9', '29', '劳动合同', '大专', '1', '1', '2018-01-01', '在职', '00000044', '0', null, null, '2018-01-01', '2018-01-31', null);
INSERT INTO `employee` VALUES ('1516', '1', '男', '2018-01-01', '610122199909099999', '已婚', '1', '1', '1', '584991843@qq.com', '1', '1', '78', '9', '29', '劳动合同', '大专', '1', '1', '2018-01-01', '在职', '00000045', '0', null, null, '2018-01-01', '2018-01-31', null);
INSERT INTO `employee` VALUES ('1517', '林伯渠', '男', '2018-01-01', '610122199909099999', '未婚', '1', '1', '1', '584991843@qq.com', '1', '1', '8', '9', '29', '劳动合同', '大专', '1', '1', '2018-01-31', '在职', '00000046', '0', null, null, '2018-01-31', '2018-01-31', null);
INSERT INTO `employee` VALUES ('1518', '1', '男', '2018-01-01', '610122199909091234', '已婚', '1', '1', '1', '584991843@qq.com', '1', '1', '8', '9', '29', '劳动合同', '大专', '1', '1', '2018-01-31', '在职', '00000047', '0', null, null, '2018-01-31', '2018-01-31', null);
INSERT INTO `employee` VALUES ('1519', 'aa', '男', '2018-12-05', '372925199005242512', '已婚', '1', 'aa', '1', '237832446@qq.com', '4403233', 'aa', '78', '9', '29', '劳动合同', '本科', 'aa', 'aa', '2018-12-05', '在职', '00000048', '0', '2018-12-05', null, '2018-12-03', '2018-12-04', null);

-- ----------------------------
-- Table structure for employeeec
-- ----------------------------
DROP TABLE IF EXISTS `employeeec`;
CREATE TABLE `employeeec` (
  `id` int(11) NOT NULL AUTO_INCREMENT,
  `eid` int(11) DEFAULT NULL COMMENT '员工编号',
  `ecDate` date DEFAULT NULL COMMENT '奖罚日期',
  `ecReason` varchar(255) DEFAULT NULL COMMENT '奖罚原因',
  `ecPoint` int(11) DEFAULT NULL COMMENT '奖罚分',
  `ecType` int(11) DEFAULT NULL COMMENT '奖罚类别，0：奖，1：罚',
  `remark` varchar(255) DEFAULT NULL COMMENT '备注',
  PRIMARY KEY (`id`),
  KEY `pid` (`eid`),
  CONSTRAINT `employeeec_ibfk_1` FOREIGN KEY (`eid`) REFERENCES `employee` (`id`)
) ENGINE=InnoDB DEFAULT CHARSET=utf8;

-- ----------------------------
-- Records of employeeec
-- ----------------------------

-- ----------------------------
-- Table structure for employeeremove
-- ----------------------------
DROP TABLE IF EXISTS `employeeremove`;
CREATE TABLE `employeeremove` (
  `id` int(11) NOT NULL AUTO_INCREMENT,
  `eid` int(11) DEFAULT NULL,
  `afterDepId` int(11) DEFAULT NULL COMMENT '调动后部门',
  `afterJobId` int(11) DEFAULT NULL COMMENT '调动后职位',
  `removeDate` date DEFAULT NULL COMMENT '调动日期',
  `reason` varchar(255) DEFAULT NULL COMMENT '调动原因',
  `remark` varchar(255) DEFAULT NULL,
  PRIMARY KEY (`id`),
  KEY `pid` (`eid`),
  CONSTRAINT `employeeremove_ibfk_1` FOREIGN KEY (`eid`) REFERENCES `employee` (`id`)
) ENGINE=InnoDB DEFAULT CHARSET=utf8;

-- ----------------------------
-- Records of employeeremove
-- ----------------------------

-- ----------------------------
-- Table structure for employeetrain
-- ----------------------------
DROP TABLE IF EXISTS `employeetrain`;
CREATE TABLE `employeetrain` (
  `id` int(11) NOT NULL AUTO_INCREMENT,
  `eid` int(11) DEFAULT NULL COMMENT '员工编号',
  `trainDate` date DEFAULT NULL COMMENT '培训日期',
  `trainContent` varchar(255) DEFAULT NULL COMMENT '培训内容',
  `remark` varchar(255) DEFAULT NULL COMMENT '备注',
  PRIMARY KEY (`id`),
  KEY `pid` (`eid`),
  CONSTRAINT `employeetrain_ibfk_1` FOREIGN KEY (`eid`) REFERENCES `employee` (`id`)
) ENGINE=InnoDB DEFAULT CHARSET=utf8;

-- ----------------------------
-- Records of employeetrain
-- ----------------------------

-- ----------------------------
-- Table structure for empsalary
-- ----------------------------
DROP TABLE IF EXISTS `empsalary`;
CREATE TABLE `empsalary` (
  `id` int(11) NOT NULL AUTO_INCREMENT,
  `eid` int(11) DEFAULT NULL,
  `sid` int(11) DEFAULT NULL,
  PRIMARY KEY (`id`),
  KEY `eid` (`eid`),
  KEY `empsalary_ibfk_2` (`sid`),
  CONSTRAINT `empsalary_ibfk_1` FOREIGN KEY (`eid`) REFERENCES `employee` (`id`),
  CONSTRAINT `empsalary_ibfk_2` FOREIGN KEY (`sid`) REFERENCES `salary` (`id`)
) ENGINE=InnoDB AUTO_INCREMENT=18 DEFAULT CHARSET=utf8;

-- ----------------------------
-- Records of empsalary
-- ----------------------------
INSERT INTO `empsalary` VALUES ('6', '4', '10');
INSERT INTO `empsalary` VALUES ('7', '3', '9');
INSERT INTO `empsalary` VALUES ('10', '5', '9');
INSERT INTO `empsalary` VALUES ('11', '6', '13');
INSERT INTO `empsalary` VALUES ('12', '7', '13');
INSERT INTO `empsalary` VALUES ('13', '2', '13');
INSERT INTO `empsalary` VALUES ('14', '8', '10');
INSERT INTO `empsalary` VALUES ('15', '9', '10');
INSERT INTO `empsalary` VALUES ('16', '10', '13');
INSERT INTO `empsalary` VALUES ('17', '1', '14');

-- ----------------------------
-- Table structure for equipment
-- ----------------------------
DROP TABLE IF EXISTS `equipment`;
CREATE TABLE `equipment` (
  `id` int(11) NOT NULL AUTO_INCREMENT,
  `companyId` int(4) DEFAULT NULL COMMENT '单位id',
  `name` varchar(255) CHARACTER SET utf8mb4 COLLATE utf8mb4_0900_ai_ci DEFAULT NULL COMMENT '设备名',
  `modelName` varchar(255) CHARACTER SET utf8mb4 COLLATE utf8mb4_0900_ai_ci DEFAULT NULL COMMENT '设备型号',
  `serialNum` varchar(255) CHARACTER SET utf8mb4 COLLATE utf8mb4_0900_ai_ci DEFAULT NULL COMMENT '设备编号',
  `status` int(4) DEFAULT NULL COMMENT '设备状态',
  `location` varchar(255) CHARACTER SET utf8mb4 COLLATE utf8mb4_0900_ai_ci DEFAULT NULL COMMENT '所在位置',
  `description` varchar(255) CHARACTER SET utf8mb4 COLLATE utf8mb4_0900_ai_ci DEFAULT NULL COMMENT '设备描述',
  `createDate` datetime DEFAULT NULL,
  `updateDate` datetime DEFAULT NULL,
  `enabled` tinyint(1) DEFAULT '1' COMMENT '是否有效：1-有效；0-无效',
  PRIMARY KEY (`id`)
) ENGINE=InnoDB AUTO_INCREMENT=2 DEFAULT CHARSET=utf8mb4 COLLATE=utf8mb4_0900_ai_ci;

-- ----------------------------
-- Records of equipment
-- ----------------------------
INSERT INTO `equipment` VALUES ('1', '1', '全站仪', '1', '1', '1', '1', '1', '2018-11-29 18:38:11', '2018-11-29 18:38:14', '0');

-- ----------------------------
-- Table structure for hr
-- ----------------------------
DROP TABLE IF EXISTS `hr`;
CREATE TABLE `hr` (
  `id` int(11) NOT NULL AUTO_INCREMENT COMMENT 'hrID',
  `name` varchar(32) DEFAULT NULL COMMENT '姓名',
  `phone` char(11) DEFAULT NULL COMMENT '手机号码',
  `telephone` varchar(16) DEFAULT NULL COMMENT '住宅电话',
  `address` varchar(64) DEFAULT NULL COMMENT '联系地址',
  `enabled` tinyint(1) DEFAULT '1',
  `username` varchar(255) DEFAULT NULL COMMENT '用户名',
  `password` varchar(255) DEFAULT NULL COMMENT '密码',
  `userface` varchar(255) DEFAULT NULL,
  `remark` varchar(255) DEFAULT NULL,
  PRIMARY KEY (`id`)
) ENGINE=InnoDB AUTO_INCREMENT=17 DEFAULT CHARSET=utf8;

-- ----------------------------
-- Records of hr
-- ----------------------------
INSERT INTO `hr` VALUES ('3', '系统管理员', '18568887789', '029-82881234', '深圳南山', '1', 'admin', '$2a$10$ySG2lkvjFHY5O0./CPIE1OI8VJsuKYEzOYzqIa7AJR6sEgSzUFOAm', 'http://bpic.588ku.com/element_pic/01/40/00/64573ce2edc0728.jpg', null);
INSERT INTO `hr` VALUES ('5', '李白', '18568123489', '029-82123434', '海口美兰', '1', 'libai', '$2a$10$oE39aG10kB/rFu2vQeCJTu/V/v4n6DRR0f8WyXRiAYvBpmadoOBE.', 'https://timgsa.baidu.com/timg?image&quality=80&size=b9999_10000&sec=1514093920321&di=913e88c23f382933ef430024afd9128a&imgtype=0&src=http%3A%2F%2Fp.3761.com%2Fpic%2F9771429316733.jpg', null);
INSERT INTO `hr` VALUES ('10', '韩愈', '18568123666', '029-82111555', '广州番禺', '1', 'hanyu', '$2a$10$oE39aG10kB/rFu2vQeCJTu/V/v4n6DRR0f8WyXRiAYvBpmadoOBE.', 'https://ss3.bdstatic.com/70cFv8Sh_Q1YnxGkpoWK1HF6hhy/it/u=1406745149,1563524794&fm=27&gp=0.jpg', null);
INSERT INTO `hr` VALUES ('11', '柳宗元', '18568123377', '029-82111333', '广州天河', '1', 'liuzongyuan', '$2a$10$oE39aG10kB/rFu2vQeCJTu/V/v4n6DRR0f8WyXRiAYvBpmadoOBE.', 'https://timgsa.baidu.com/timg?image&quality=80&size=b9999_10000&sec=1515233756&di=0856d923a0a37a87fd26604a2c871370&imgtype=jpg&er=1&src=http%3A%2F%2Fwww.qqzhi.com%2Fuploadpic%2F2014-09-27%2F041716704.jpg', null);
INSERT INTO `hr` VALUES ('12', '曾巩', '18568128888', '029-82111222', '广州越秀', '1', 'zenggong', '$2a$10$oE39aG10kB/rFu2vQeCJTu/V/v4n6DRR0f8WyXRiAYvBpmadoOBE.', 'https://timgsa.baidu.com/timg?image&quality=80&size=b9999_10000&sec=1517070040185&di=be0375e0c3db6c311b837b28c208f318&imgtype=0&src=http%3A%2F%2Fimg2.soyoung.com%2Fpost%2F20150213%2F6%2F20150213141918532.jpg', null);

-- ----------------------------
-- Table structure for hr_role
-- ----------------------------
DROP TABLE IF EXISTS `hr_role`;
CREATE TABLE `hr_role` (
  `id` int(11) NOT NULL AUTO_INCREMENT,
  `hrid` int(11) DEFAULT NULL,
  `rid` int(11) DEFAULT NULL,
  PRIMARY KEY (`id`),
  KEY `rid` (`rid`),
  KEY `hr_role_ibfk_1` (`hrid`),
  CONSTRAINT `hr_role_ibfk_1` FOREIGN KEY (`hrid`) REFERENCES `hr` (`id`) ON DELETE CASCADE,
  CONSTRAINT `hr_role_ibfk_2` FOREIGN KEY (`rid`) REFERENCES `role` (`id`)
) ENGINE=InnoDB AUTO_INCREMENT=77 DEFAULT CHARSET=utf8;

-- ----------------------------
-- Records of hr_role
-- ----------------------------
INSERT INTO `hr_role` VALUES ('1', '3', '6');
INSERT INTO `hr_role` VALUES ('35', '12', '4');
INSERT INTO `hr_role` VALUES ('36', '12', '3');
INSERT INTO `hr_role` VALUES ('37', '12', '2');
INSERT INTO `hr_role` VALUES ('48', '10', '3');
INSERT INTO `hr_role` VALUES ('49', '10', '4');
INSERT INTO `hr_role` VALUES ('53', '11', '2');
INSERT INTO `hr_role` VALUES ('74', '5', '2');
INSERT INTO `hr_role` VALUES ('75', '5', '3');
INSERT INTO `hr_role` VALUES ('76', '5', '1');

-- ----------------------------
-- Table structure for joblevel
-- ----------------------------
DROP TABLE IF EXISTS `joblevel`;
CREATE TABLE `joblevel` (
  `id` int(11) NOT NULL AUTO_INCREMENT,
  `name` varchar(32) DEFAULT NULL COMMENT '职称名称',
  `titleLevel` enum('正高级','副高级','中级','初级','员级') DEFAULT NULL,
  `createDate` timestamp NULL DEFAULT CURRENT_TIMESTAMP,
  `enabled` tinyint(1) DEFAULT '1',
  PRIMARY KEY (`id`)
) ENGINE=InnoDB AUTO_INCREMENT=18 DEFAULT CHARSET=utf8;

-- ----------------------------
-- Records of joblevel
-- ----------------------------
INSERT INTO `joblevel` VALUES ('9', '教授', '正高级', '2018-01-11 21:19:14', '1');
INSERT INTO `joblevel` VALUES ('10', '副教授', '副高级', '2018-01-11 21:19:20', '1');
INSERT INTO `joblevel` VALUES ('12', '助教', '初级', '2018-01-11 21:35:39', '1');
INSERT INTO `joblevel` VALUES ('13', '讲师', '中级', '2018-01-11 22:42:12', '1');
INSERT INTO `joblevel` VALUES ('14', '初级工程师', '初级', '2018-01-14 16:18:50', '1');
INSERT INTO `joblevel` VALUES ('15', '中级工程师', '中级', '2018-01-14 16:19:00', '1');
INSERT INTO `joblevel` VALUES ('16', '高级工程师', '副高级', '2018-01-14 16:19:14', '1');
INSERT INTO `joblevel` VALUES ('17', '骨灰级工程师', '正高级', '2018-01-14 16:19:24', '1');

-- ----------------------------
-- Table structure for land
-- ----------------------------
DROP TABLE IF EXISTS `land`;
CREATE TABLE `land` (
  `id` int(11) NOT NULL AUTO_INCREMENT,
  `tunnelId` int(11) DEFAULT NULL COMMENT '隧道id',
  `stationId` int(11) DEFAULT NULL COMMENT '测点id',
  `observeDate` datetime DEFAULT NULL COMMENT '观测日期',
  `measureInterval` varchar(255) CHARACTER SET utf8mb4 COLLATE utf8mb4_0900_ai_ci DEFAULT NULL COMMENT '量测间隔/d',
  `observeVal` varchar(255) DEFAULT NULL COMMENT '观测值',
  `sinkDiffVal` varchar(255) DEFAULT NULL COMMENT '下沉差值',
  `sinkSpeed` varchar(255) CHARACTER SET utf8mb4 COLLATE utf8mb4_0900_ai_ci DEFAULT NULL COMMENT '下沉速率',
  `addUpDisplacement` varchar(255) DEFAULT NULL COMMENT '累计位移',
  `maxDisplacement` varchar(255) DEFAULT NULL COMMENT '最大位移数',
  `measureMan` varchar(255) CHARACTER SET utf8mb4 COLLATE utf8mb4_0900_ai_ci DEFAULT NULL COMMENT '测量人',
  `warningState` int(11) DEFAULT NULL COMMENT '预警状态 1-正常，2-报警，3-危急',
  `distanceFace` int(11) DEFAULT NULL COMMENT '据开挖面距离',
  `description` varchar(255) CHARACTER SET utf8mb4 COLLATE utf8mb4_0900_ai_ci DEFAULT NULL COMMENT '描述',
  `createDate` datetime DEFAULT NULL,
  `updateDate` datetime DEFAULT NULL,
  `enabled` tinyint(1) DEFAULT '1' COMMENT '是否有效：1-有效，0-无效',
  PRIMARY KEY (`id`)
) ENGINE=InnoDB AUTO_INCREMENT=3 DEFAULT CHARSET=utf8mb4 COLLATE=utf8mb4_0900_ai_ci;

-- ----------------------------
-- Records of land
-- ----------------------------
INSERT INTO `land` VALUES ('1', '11', '11', '2018-12-11 00:00:00', '11', '11', '11', '11', '11', '11', '11', '11', '11', null, null, null, '1');

-- ----------------------------
-- Table structure for measurepoint
-- ----------------------------
DROP TABLE IF EXISTS `measurepoint`;
CREATE TABLE `measurepoint` (
  `id` int(11) NOT NULL AUTO_INCREMENT,
  `sectionId` int(11) DEFAULT NULL COMMENT '断面id',
  `tunnelId` int(11) DEFAULT NULL COMMENT '隧道id',
  `measPointNoFormat` varchar(255) DEFAULT NULL COMMENT '测点编号格式',
  `measPointNum` int(11) DEFAULT NULL COMMENT '测点数量',
  `embLocation` varchar(255) DEFAULT NULL COMMENT '埋设位置',
  `embTime` datetime DEFAULT NULL COMMENT '埋设时间',
  `equipment` varchar(255) CHARACTER SET utf8 COLLATE utf8_general_ci DEFAULT NULL COMMENT '设备名称',
  `equiNo` varchar(11) DEFAULT NULL COMMENT '设备编号',
  `basedOnCriteria` varchar(255) CHARACTER SET utf8 COLLATE utf8_general_ci DEFAULT NULL COMMENT '依据标准',
  `envConditions` varchar(255) CHARACTER SET utf8 COLLATE utf8_general_ci DEFAULT NULL COMMENT '环境条件',
  `maxDisplacement` varchar(255) CHARACTER SET utf8 COLLATE utf8_general_ci DEFAULT NULL COMMENT '极限位移参考值',
  `XMaxDisplacement` varchar(255) DEFAULT NULL COMMENT 'x方向极限位移参考值',
  `YMaxDisplacement` varchar(255) DEFAULT NULL COMMENT 'y方向极限位移参考值',
  `ZMaxDisplacement` varchar(255) DEFAULT NULL COMMENT 'z方向极限位移参考值',
  `sinkSpeed` varchar(255) CHARACTER SET utf8 COLLATE utf8_general_ci DEFAULT NULL COMMENT '变形速率',
  `modValue` varchar(255) DEFAULT NULL COMMENT '修正值',
  `baseDistance` varchar(255) CHARACTER SET utf8 COLLATE utf8_general_ci DEFAULT NULL COMMENT '据基点距离，单位m',
  `detectionMan` varchar(255) DEFAULT NULL COMMENT '检测人',
  `setIdentity` varchar(255) CHARACTER SET utf8 COLLATE utf8_general_ci DEFAULT NULL COMMENT '沉降标识（+或-）',
  `createDate` datetime DEFAULT NULL,
  `updateDate` datetime DEFAULT NULL,
  `enabled` tinyint(1) DEFAULT '1' COMMENT '是否有效，1-有效，0-无效',
  PRIMARY KEY (`id`)
) ENGINE=InnoDB AUTO_INCREMENT=4 DEFAULT CHARSET=utf8;

-- ----------------------------
-- Records of measurepoint
-- ----------------------------
INSERT INTO `measurepoint` VALUES ('1', '2233', '2233', '2233', '2233', null, '2018-12-11 00:00:00', '2233', '2233', '2233', '2233', '2233', '2233', '2233', '2233', '2233', '2233', '2233', '2233', '2233', null, null, '1');
INSERT INTO `measurepoint` VALUES ('2', '55', '55', '55', '55', '55', null, '55', '55', '55', '55', '55', '55', '55', '55', '55', '55', '55', '55', '55', null, null, '1');

-- ----------------------------
-- Table structure for menu
-- ----------------------------
DROP TABLE IF EXISTS `menu`;
CREATE TABLE `menu` (
  `id` int(11) NOT NULL AUTO_INCREMENT,
  `url` varchar(64) DEFAULT NULL,
  `path` varchar(64) DEFAULT NULL,
  `component` varchar(64) DEFAULT NULL,
  `name` varchar(64) DEFAULT NULL,
  `iconCls` varchar(64) DEFAULT NULL,
  `keepAlive` tinyint(1) DEFAULT NULL,
  `requireAuth` tinyint(1) DEFAULT NULL,
  `parentId` int(11) DEFAULT NULL,
  `enabled` tinyint(1) DEFAULT '1',
  `description` varchar(255) CHARACTER SET utf8 COLLATE utf8_general_ci DEFAULT NULL COMMENT '描述',
  `orderNo` int(11) DEFAULT NULL COMMENT '排序号',
  `type` int(11) DEFAULT NULL COMMENT '类型',
  PRIMARY KEY (`id`),
  KEY `parentId` (`parentId`),
  CONSTRAINT `menu_ibfk_1` FOREIGN KEY (`parentId`) REFERENCES `menu` (`id`)
) ENGINE=InnoDB AUTO_INCREMENT=748 DEFAULT CHARSET=utf8;

-- ----------------------------
-- Records of menu
-- ----------------------------
INSERT INTO `menu` VALUES ('1', '/', null, null, '所有', null, null, null, null, '1', null, null, null);
INSERT INTO `menu` VALUES ('2', '/', '/home', 'Home', '监控量测', 'fa fa-line-chart', null, '1', '1', '1', '33', '33', '33');
INSERT INTO `menu` VALUES ('3', '/', '/home', 'Home', '工程管理', 'fa fa-address-card-o', null, '1', '1', '1', null, null, null);
INSERT INTO `menu` VALUES ('4', '/', '/home', 'Home', '消息管理', 'fa fa-money', null, '1', '1', '1', null, null, null);
INSERT INTO `menu` VALUES ('5', '/', '/home', 'Home', '统计管理', 'fa fa-bar-chart', null, '1', '1', '1', null, null, null);
INSERT INTO `menu` VALUES ('6', '/', '/home', 'Home', '系统管理', 'fa fa-windows', null, '1', '1', '1', null, null, null);
INSERT INTO `menu` VALUES ('7', '/monitMeasure/vault/**', '/monMea/vault', 'MoniVault', '拱顶量测', null, null, '1', '2', '1', null, null, null);
INSERT INTO `menu` VALUES ('8', '/monitMeasure/convenience/**', '/monMea/convenience', 'MoniConvenience', '周边收敛', null, null, '1', '2', '1', null, null, null);
INSERT INTO `menu` VALUES ('9', '/project/bid/**', '/project/bid', 'ProBid', '标段管理', null, null, '1', '3', '1', null, null, null);
INSERT INTO `menu` VALUES ('10', '/project/tunnel/**', '/project/tun', 'ProTun', '隧道管理', 'null', null, '1', '3', '1', 'null', null, null);
INSERT INTO `menu` VALUES ('11', '/project/section/**', '/project/sec', 'ProSec', '断面管理', null, null, '1', '3', '1', null, null, null);
INSERT INTO `menu` VALUES ('12', '/project/point/**', '/project/poi', 'ProPoi', '测点管理', null, null, '1', '3', '1', null, null, null);
INSERT INTO `menu` VALUES ('13', '/personnel/remove/**', '/per/mv', 'PerMv', '员工调动', null, null, '1', '3', '0', null, null, null);
INSERT INTO `menu` VALUES ('14', '/salary/sob/**', '/sal/sob', 'SalSob', '工资账套管理', null, null, '1', '4', '1', null, null, null);
INSERT INTO `menu` VALUES ('15', '/salary/sobcfg/**', '/sal/sobcfg', 'SalSobCfg', '员工账套设置', null, null, '1', '4', '1', null, null, null);
INSERT INTO `menu` VALUES ('16', '/salary/table/**', '/sal/table', 'SalTable', '工资表管理', null, null, '1', '4', '1', null, null, null);
INSERT INTO `menu` VALUES ('17', '/salary/month/**', '/sal/month', 'SalMonth', '月末处理', null, null, '1', '4', '1', null, null, null);
INSERT INTO `menu` VALUES ('18', '/salary/search/**', '/sal/search', 'SalSearch', '工资表查询', null, null, '1', '4', '1', null, null, null);
INSERT INTO `menu` VALUES ('19', '/statistics/all/**', '/sta/all', 'StaAll', '综合信息统计', null, null, '1', '5', '1', null, null, null);
INSERT INTO `menu` VALUES ('20', '/statistics/score/**', '/sta/score', 'StaScore', '员工积分统计', null, null, '1', '5', '1', null, null, null);
INSERT INTO `menu` VALUES ('21', '/personnel/personnel/**', '/sta/pers', 'StaPers', '人事信息统计', null, null, '1', '5', '1', null, null, null);
INSERT INTO `menu` VALUES ('22', '/statistics/recored/**', '/sta/record', 'StaRecord', '人事记录统计', null, null, '1', '5', '1', null, null, null);
INSERT INTO `menu` VALUES ('23', '/system/basic/**', '/sys/basic', 'SysBasic', '基础信息设置', null, null, '1', '6', '1', null, null, null);
INSERT INTO `menu` VALUES ('24', '/system/cfg/**', '/sys/cfg', 'SysCfg', '菜单管理', null, null, '1', '6', '1', null, null, null);
INSERT INTO `menu` VALUES ('25', '/system/log/**', '/sys/log', 'SysLog', '操作日志管理', null, null, '1', '6', '1', null, null, null);
INSERT INTO `menu` VALUES ('26', '/system/hr/**', '/sys/hr', 'SysHr', '用户管理', null, null, '1', '6', '1', null, null, null);
INSERT INTO `menu` VALUES ('27', '/system/data/**', '/sys/data', 'SysData', '备份恢复数据库', null, null, '1', '6', '1', null, null, null);
INSERT INTO `menu` VALUES ('28', '/monitMeasure/land/**', '/monMea/land', 'MoniLand', '地表下沉', '', null, '1', '2', '1', '', null, null);
INSERT INTO `menu` VALUES ('29', '/system/dict/**', '/sys/dict', 'SysDict', '字典库', '', null, '1', '6', '1', '', null, null);
INSERT INTO `menu` VALUES ('746', '/com/company/**', '/com/company', 'company', '单位管理', 'el-icon-edit-outline', null, null, '6', '1', '2', '2', '2');
INSERT INTO `menu` VALUES ('747', '/', '/home', 'Home', '项目管理', 'el-icon-setting', null, '1', '1', '1', '22', '11', '22');

-- ----------------------------
-- Table structure for menu_role
-- ----------------------------
DROP TABLE IF EXISTS `menu_role`;
CREATE TABLE `menu_role` (
  `id` int(11) NOT NULL AUTO_INCREMENT,
  `mid` int(11) DEFAULT NULL,
  `rid` int(11) DEFAULT NULL,
  PRIMARY KEY (`id`),
  KEY `mid` (`mid`),
  KEY `rid` (`rid`),
  CONSTRAINT `menu_role_ibfk_1` FOREIGN KEY (`mid`) REFERENCES `menu` (`id`),
  CONSTRAINT `menu_role_ibfk_2` FOREIGN KEY (`rid`) REFERENCES `role` (`id`)
) ENGINE=InnoDB AUTO_INCREMENT=592 DEFAULT CHARSET=utf8;

-- ----------------------------
-- Records of menu_role
-- ----------------------------
INSERT INTO `menu_role` VALUES ('161', '7', '3');
INSERT INTO `menu_role` VALUES ('162', '7', '6');
INSERT INTO `menu_role` VALUES ('163', '9', '6');
INSERT INTO `menu_role` VALUES ('164', '10', '6');
INSERT INTO `menu_role` VALUES ('165', '11', '6');
INSERT INTO `menu_role` VALUES ('166', '12', '6');
INSERT INTO `menu_role` VALUES ('167', '13', '6');
INSERT INTO `menu_role` VALUES ('168', '14', '6');
INSERT INTO `menu_role` VALUES ('169', '15', '6');
INSERT INTO `menu_role` VALUES ('170', '16', '6');
INSERT INTO `menu_role` VALUES ('171', '17', '6');
INSERT INTO `menu_role` VALUES ('172', '18', '6');
INSERT INTO `menu_role` VALUES ('173', '19', '6');
INSERT INTO `menu_role` VALUES ('174', '20', '6');
INSERT INTO `menu_role` VALUES ('175', '21', '6');
INSERT INTO `menu_role` VALUES ('176', '22', '6');
INSERT INTO `menu_role` VALUES ('177', '23', '6');
INSERT INTO `menu_role` VALUES ('178', '25', '6');
INSERT INTO `menu_role` VALUES ('179', '26', '6');
INSERT INTO `menu_role` VALUES ('180', '27', '6');
INSERT INTO `menu_role` VALUES ('182', '24', '6');
INSERT INTO `menu_role` VALUES ('247', '7', '4');
INSERT INTO `menu_role` VALUES ('248', '8', '4');
INSERT INTO `menu_role` VALUES ('249', '11', '4');
INSERT INTO `menu_role` VALUES ('250', '7', '2');
INSERT INTO `menu_role` VALUES ('251', '8', '2');
INSERT INTO `menu_role` VALUES ('252', '9', '2');
INSERT INTO `menu_role` VALUES ('253', '10', '2');
INSERT INTO `menu_role` VALUES ('254', '12', '2');
INSERT INTO `menu_role` VALUES ('255', '13', '2');
INSERT INTO `menu_role` VALUES ('299', '7', '13');
INSERT INTO `menu_role` VALUES ('300', '10', '13');
INSERT INTO `menu_role` VALUES ('301', '11', '13');
INSERT INTO `menu_role` VALUES ('302', '12', '13');
INSERT INTO `menu_role` VALUES ('303', '13', '13');
INSERT INTO `menu_role` VALUES ('304', '14', '13');
INSERT INTO `menu_role` VALUES ('305', '15', '13');
INSERT INTO `menu_role` VALUES ('306', '16', '13');
INSERT INTO `menu_role` VALUES ('307', '17', '13');
INSERT INTO `menu_role` VALUES ('308', '18', '13');
INSERT INTO `menu_role` VALUES ('309', '19', '13');
INSERT INTO `menu_role` VALUES ('310', '20', '13');
INSERT INTO `menu_role` VALUES ('311', '21', '13');
INSERT INTO `menu_role` VALUES ('312', '22', '13');
INSERT INTO `menu_role` VALUES ('313', '23', '13');
INSERT INTO `menu_role` VALUES ('314', '24', '13');
INSERT INTO `menu_role` VALUES ('315', '25', '13');
INSERT INTO `menu_role` VALUES ('316', '26', '13');
INSERT INTO `menu_role` VALUES ('317', '27', '13');
INSERT INTO `menu_role` VALUES ('569', '7', '1');
INSERT INTO `menu_role` VALUES ('570', '8', '1');
INSERT INTO `menu_role` VALUES ('571', '28', '1');
INSERT INTO `menu_role` VALUES ('572', '9', '1');
INSERT INTO `menu_role` VALUES ('573', '10', '1');
INSERT INTO `menu_role` VALUES ('574', '11', '1');
INSERT INTO `menu_role` VALUES ('575', '12', '1');
INSERT INTO `menu_role` VALUES ('576', '14', '1');
INSERT INTO `menu_role` VALUES ('577', '15', '1');
INSERT INTO `menu_role` VALUES ('578', '16', '1');
INSERT INTO `menu_role` VALUES ('579', '17', '1');
INSERT INTO `menu_role` VALUES ('580', '18', '1');
INSERT INTO `menu_role` VALUES ('581', '19', '1');
INSERT INTO `menu_role` VALUES ('582', '20', '1');
INSERT INTO `menu_role` VALUES ('583', '21', '1');
INSERT INTO `menu_role` VALUES ('584', '22', '1');
INSERT INTO `menu_role` VALUES ('585', '23', '1');
INSERT INTO `menu_role` VALUES ('586', '24', '1');
INSERT INTO `menu_role` VALUES ('587', '25', '1');
INSERT INTO `menu_role` VALUES ('588', '26', '1');
INSERT INTO `menu_role` VALUES ('589', '27', '1');
INSERT INTO `menu_role` VALUES ('590', '29', '1');
INSERT INTO `menu_role` VALUES ('591', '746', '1');

-- ----------------------------
-- Table structure for msgcontent
-- ----------------------------
DROP TABLE IF EXISTS `msgcontent`;
CREATE TABLE `msgcontent` (
  `id` int(11) NOT NULL AUTO_INCREMENT,
  `title` varchar(64) DEFAULT NULL,
  `message` varchar(255) DEFAULT NULL,
  `createDate` timestamp NOT NULL DEFAULT CURRENT_TIMESTAMP,
  PRIMARY KEY (`id`)
) ENGINE=InnoDB AUTO_INCREMENT=19 DEFAULT CHARSET=utf8;

-- ----------------------------
-- Records of msgcontent
-- ----------------------------
INSERT INTO `msgcontent` VALUES ('14', '2222222222', '11111111111111111', '2018-02-02 20:46:19');
INSERT INTO `msgcontent` VALUES ('15', '22222222', '3333333333333333333333', '2018-02-02 21:45:57');
INSERT INTO `msgcontent` VALUES ('16', '通知标题1', '通知内容1', '2018-02-03 11:41:39');
INSERT INTO `msgcontent` VALUES ('17', '通知标题2', '通知内容2', '2018-02-03 11:52:37');
INSERT INTO `msgcontent` VALUES ('18', '通知标题3', '通知内容3', '2018-02-03 12:19:41');

-- ----------------------------
-- Table structure for nation
-- ----------------------------
DROP TABLE IF EXISTS `nation`;
CREATE TABLE `nation` (
  `id` int(11) NOT NULL AUTO_INCREMENT,
  `name` varchar(32) DEFAULT NULL,
  PRIMARY KEY (`id`)
) ENGINE=InnoDB AUTO_INCREMENT=57 DEFAULT CHARSET=utf8;

-- ----------------------------
-- Records of nation
-- ----------------------------
INSERT INTO `nation` VALUES ('1', '汉族');
INSERT INTO `nation` VALUES ('2', '蒙古族');
INSERT INTO `nation` VALUES ('3', '回族');
INSERT INTO `nation` VALUES ('4', '藏族');
INSERT INTO `nation` VALUES ('5', '维吾尔族');
INSERT INTO `nation` VALUES ('6', '苗族');
INSERT INTO `nation` VALUES ('7', '彝族');
INSERT INTO `nation` VALUES ('8', '壮族');
INSERT INTO `nation` VALUES ('9', '布依族');
INSERT INTO `nation` VALUES ('10', '朝鲜族');
INSERT INTO `nation` VALUES ('11', '满族');
INSERT INTO `nation` VALUES ('12', '侗族');
INSERT INTO `nation` VALUES ('13', '瑶族');
INSERT INTO `nation` VALUES ('14', '白族');
INSERT INTO `nation` VALUES ('15', '土家族');
INSERT INTO `nation` VALUES ('16', '哈尼族');
INSERT INTO `nation` VALUES ('17', '哈萨克族');
INSERT INTO `nation` VALUES ('18', '傣族');
INSERT INTO `nation` VALUES ('19', '黎族');
INSERT INTO `nation` VALUES ('20', '傈僳族');
INSERT INTO `nation` VALUES ('21', '佤族');
INSERT INTO `nation` VALUES ('22', '畲族');
INSERT INTO `nation` VALUES ('23', '高山族');
INSERT INTO `nation` VALUES ('24', '拉祜族');
INSERT INTO `nation` VALUES ('25', '水族');
INSERT INTO `nation` VALUES ('26', '东乡族');
INSERT INTO `nation` VALUES ('27', '纳西族');
INSERT INTO `nation` VALUES ('28', '景颇族');
INSERT INTO `nation` VALUES ('29', '柯尔克孜族');
INSERT INTO `nation` VALUES ('30', '土族');
INSERT INTO `nation` VALUES ('31', '达斡尔族');
INSERT INTO `nation` VALUES ('32', '仫佬族');
INSERT INTO `nation` VALUES ('33', '羌族');
INSERT INTO `nation` VALUES ('34', '布朗族');
INSERT INTO `nation` VALUES ('35', '撒拉族');
INSERT INTO `nation` VALUES ('36', '毛难族');
INSERT INTO `nation` VALUES ('37', '仡佬族');
INSERT INTO `nation` VALUES ('38', '锡伯族');
INSERT INTO `nation` VALUES ('39', '阿昌族');
INSERT INTO `nation` VALUES ('40', '普米族');
INSERT INTO `nation` VALUES ('41', '塔吉克族');
INSERT INTO `nation` VALUES ('42', '怒族');
INSERT INTO `nation` VALUES ('43', '乌孜别克族');
INSERT INTO `nation` VALUES ('44', '俄罗斯族');
INSERT INTO `nation` VALUES ('45', '鄂温克族');
INSERT INTO `nation` VALUES ('46', '崩龙族');
INSERT INTO `nation` VALUES ('47', '保安族');
INSERT INTO `nation` VALUES ('48', '裕固族');
INSERT INTO `nation` VALUES ('49', '京族');
INSERT INTO `nation` VALUES ('50', '塔塔尔族');
INSERT INTO `nation` VALUES ('51', '独龙族');
INSERT INTO `nation` VALUES ('52', '鄂伦春族');
INSERT INTO `nation` VALUES ('53', '赫哲族');
INSERT INTO `nation` VALUES ('54', '门巴族');
INSERT INTO `nation` VALUES ('55', '珞巴族');
INSERT INTO `nation` VALUES ('56', '基诺族');

-- ----------------------------
-- Table structure for oplog
-- ----------------------------
DROP TABLE IF EXISTS `oplog`;
CREATE TABLE `oplog` (
  `id` int(11) NOT NULL AUTO_INCREMENT,
  `addDate` date DEFAULT NULL COMMENT '添加日期',
  `operate` varchar(255) DEFAULT NULL COMMENT '操作内容',
  `hrid` int(11) DEFAULT NULL COMMENT '操作员ID',
  PRIMARY KEY (`id`),
  KEY `hrid` (`hrid`),
  CONSTRAINT `oplog_ibfk_1` FOREIGN KEY (`hrid`) REFERENCES `hr` (`id`)
) ENGINE=InnoDB DEFAULT CHARSET=utf8;

-- ----------------------------
-- Records of oplog
-- ----------------------------

-- ----------------------------
-- Table structure for politicsstatus
-- ----------------------------
DROP TABLE IF EXISTS `politicsstatus`;
CREATE TABLE `politicsstatus` (
  `id` int(11) NOT NULL AUTO_INCREMENT,
  `name` varchar(32) DEFAULT NULL,
  PRIMARY KEY (`id`)
) ENGINE=InnoDB AUTO_INCREMENT=14 DEFAULT CHARSET=utf8;

-- ----------------------------
-- Records of politicsstatus
-- ----------------------------
INSERT INTO `politicsstatus` VALUES ('1', '中共党员');
INSERT INTO `politicsstatus` VALUES ('2', '中共预备党员');
INSERT INTO `politicsstatus` VALUES ('3', '共青团员');
INSERT INTO `politicsstatus` VALUES ('4', '民革党员');
INSERT INTO `politicsstatus` VALUES ('5', '民盟盟员');
INSERT INTO `politicsstatus` VALUES ('6', '民建会员');
INSERT INTO `politicsstatus` VALUES ('7', '民进会员');
INSERT INTO `politicsstatus` VALUES ('8', '农工党党员');
INSERT INTO `politicsstatus` VALUES ('9', '致公党党员');
INSERT INTO `politicsstatus` VALUES ('10', '九三学社社员');
INSERT INTO `politicsstatus` VALUES ('11', '台盟盟员');
INSERT INTO `politicsstatus` VALUES ('12', '无党派民主人士');
INSERT INTO `politicsstatus` VALUES ('13', '普通公民');

-- ----------------------------
-- Table structure for position
-- ----------------------------
DROP TABLE IF EXISTS `position`;
CREATE TABLE `position` (
  `id` int(11) NOT NULL AUTO_INCREMENT,
  `name` varchar(32) DEFAULT NULL COMMENT '职位',
  `createDate` timestamp NULL DEFAULT CURRENT_TIMESTAMP,
  `enabled` tinyint(1) DEFAULT '1',
  PRIMARY KEY (`id`),
  UNIQUE KEY `name` (`name`)
) ENGINE=InnoDB AUTO_INCREMENT=35 DEFAULT CHARSET=utf8;

-- ----------------------------
-- Records of position
-- ----------------------------
INSERT INTO `position` VALUES ('29', '技术总监', '2018-01-11 21:13:42', '1');
INSERT INTO `position` VALUES ('30', '运营总监', '2018-01-11 21:13:48', '1');
INSERT INTO `position` VALUES ('31', '市场总监', '2018-01-11 21:13:56', '1');
INSERT INTO `position` VALUES ('32', '总经理', '2018-01-11 21:35:07', '1');
INSERT INTO `position` VALUES ('33', '研发工程师', '2018-01-14 16:07:11', '1');
INSERT INTO `position` VALUES ('34', '运维工程师', '2018-01-14 16:11:41', '1');

-- ----------------------------
-- Table structure for role
-- ----------------------------
DROP TABLE IF EXISTS `role`;
CREATE TABLE `role` (
  `id` int(11) NOT NULL AUTO_INCREMENT,
  `name` varchar(64) DEFAULT NULL,
  `nameZh` varchar(64) DEFAULT NULL COMMENT '角色名称',
  PRIMARY KEY (`id`)
) ENGINE=InnoDB AUTO_INCREMENT=16 DEFAULT CHARSET=utf8;

-- ----------------------------
-- Records of role
-- ----------------------------
INSERT INTO `role` VALUES ('1', 'ROLE_manager', '部门经理');
INSERT INTO `role` VALUES ('2', 'ROLE_personnel', '人事专员');
INSERT INTO `role` VALUES ('3', 'ROLE_recruiter', '招聘主管');
INSERT INTO `role` VALUES ('4', 'ROLE_train', '培训主管');
INSERT INTO `role` VALUES ('5', 'ROLE_performance', '薪酬绩效主管');
INSERT INTO `role` VALUES ('6', 'ROLE_admin', '系统管理员');
INSERT INTO `role` VALUES ('13', 'ROLE_test2', '测试角色2');
INSERT INTO `role` VALUES ('14', 'ROLE_test1', '测试角色1');
INSERT INTO `role` VALUES ('15', 'ROLE_zhaoxian', '赵宪');

-- ----------------------------
-- Table structure for salary
-- ----------------------------
DROP TABLE IF EXISTS `salary`;
CREATE TABLE `salary` (
  `id` int(11) NOT NULL AUTO_INCREMENT,
  `basicSalary` int(11) DEFAULT NULL COMMENT '基本工资',
  `bonus` int(11) DEFAULT NULL COMMENT '奖金',
  `lunchSalary` int(11) DEFAULT NULL COMMENT '午餐补助',
  `trafficSalary` int(11) DEFAULT NULL COMMENT '交通补助',
  `allSalary` int(11) DEFAULT NULL COMMENT '应发工资',
  `pensionBase` int(11) DEFAULT NULL COMMENT '养老金基数',
  `pensionPer` float DEFAULT NULL COMMENT '养老金比率',
  `createDate` timestamp NULL DEFAULT NULL COMMENT '启用时间',
  `medicalBase` int(11) DEFAULT NULL COMMENT '医疗基数',
  `medicalPer` float DEFAULT NULL COMMENT '医疗保险比率',
  `accumulationFundBase` int(11) DEFAULT NULL COMMENT '公积金基数',
  `accumulationFundPer` float DEFAULT NULL COMMENT '公积金比率',
  `name` varchar(32) DEFAULT NULL,
  PRIMARY KEY (`id`)
) ENGINE=InnoDB AUTO_INCREMENT=15 DEFAULT CHARSET=utf8;

-- ----------------------------
-- Records of salary
-- ----------------------------
INSERT INTO `salary` VALUES ('9', '9000', '4000', '800', '500', null, '2000', '0.07', '2018-01-24 00:00:00', '2000', '0.07', '2000', '0.07', '市场部工资账套');
INSERT INTO `salary` VALUES ('10', '2000', '2000', '400', '1000', null, '2000', '0.07', '2018-01-01 00:00:00', '2000', '0.07', '2000', '0.07', '人事部工资账套');
INSERT INTO `salary` VALUES ('13', '10000', '3000', '500', '500', null, '4000', '0.07', '2018-01-25 00:00:00', '4000', '0.07', '4000', '0.07', '运维部工资账套');
INSERT INTO `salary` VALUES ('14', '5000', '2000', '500', '500', null, '2000', '4.5', '2018-11-30 00:00:00', '2000', '2.6', '555', '3.6', '测试数据');

-- ----------------------------
-- Table structure for section
-- ----------------------------
DROP TABLE IF EXISTS `section`;
CREATE TABLE `section` (
  `id` int(11) NOT NULL AUTO_INCREMENT,
  `tunnelId` int(11) DEFAULT NULL COMMENT '隧道id',
  `bidId` int(11) DEFAULT NULL COMMENT '标段ID',
  `beginKm` varchar(255) DEFAULT NULL COMMENT '起始里程',
  `sectionNum` int(11) DEFAULT NULL COMMENT '断面个数',
  `sectionInterval` int(11) DEFAULT NULL COMMENT '间隔',
  `geologyType` varchar(255) DEFAULT NULL COMMENT '地质类型',
  `conMethod` varchar(255) DEFAULT NULL COMMENT '施工方法',
  `rockLevel` varchar(255) DEFAULT NULL COMMENT '围岩级别',
  `liningType` varchar(255) DEFAULT NULL COMMENT '衬砌类型',
  `clearHeight` int(11) DEFAULT NULL COMMENT '净高',
  `secLiningThickness` int(11) DEFAULT NULL COMMENT '二衬厚度',
  `embLocation` varchar(255) DEFAULT NULL COMMENT '埋设位置',
  `embTime` datetime DEFAULT NULL COMMENT '埋设时间',
  `basedOnCriteria` varchar(255) DEFAULT NULL COMMENT '依据标准',
  `envConditions` varchar(255) DEFAULT NULL COMMENT '环境条件',
  `equipment` varchar(255) DEFAULT NULL COMMENT '仪器设备',
  `equiNo` varchar(255) DEFAULT NULL COMMENT '设备编号',
  `detectionMan` varchar(255) DEFAULT NULL COMMENT '检测人',
  `createDate` datetime DEFAULT NULL,
  `updateDate` datetime DEFAULT NULL,
  `enabled` tinyint(1) DEFAULT '1',
  PRIMARY KEY (`id`)
) ENGINE=InnoDB AUTO_INCREMENT=10 DEFAULT CHARSET=utf8;

-- ----------------------------
-- Records of section
-- ----------------------------
INSERT INTO `section` VALUES ('1', '22', '22', null, null, null, null, null, null, null, null, null, null, null, null, null, null, null, null, null, null, '1');
INSERT INTO `section` VALUES ('3', '33', '33', '33', '33', null, null, null, null, null, null, null, null, null, null, null, null, null, null, null, null, '1');
INSERT INTO `section` VALUES ('4', '33', '33', '33', '33', null, null, null, null, null, null, null, null, null, null, null, null, null, null, null, null, '1');
INSERT INTO `section` VALUES ('5', '44', '44', '44', '44', null, null, null, null, null, null, null, null, null, null, null, null, null, null, null, null, '1');
INSERT INTO `section` VALUES ('6', '44', '44', '44', '44', null, null, null, null, null, null, null, null, null, null, null, null, null, null, null, null, '1');
INSERT INTO `section` VALUES ('7', '44', '44', '44', '44', '44', null, null, null, null, null, null, null, null, null, null, null, null, null, null, null, '1');

-- ----------------------------
-- Table structure for sysmsg
-- ----------------------------
DROP TABLE IF EXISTS `sysmsg`;
CREATE TABLE `sysmsg` (
  `id` int(11) NOT NULL AUTO_INCREMENT,
  `mid` int(11) DEFAULT NULL COMMENT '消息id',
  `type` int(11) DEFAULT '0' COMMENT '0表示群发消息',
  `hrid` int(11) DEFAULT NULL COMMENT '这条消息是给谁的',
  `state` int(11) DEFAULT '0' COMMENT '0 未读 1 已读',
  PRIMARY KEY (`id`),
  KEY `hrid` (`hrid`),
  KEY `sysmsg_ibfk_1` (`mid`),
  CONSTRAINT `sysmsg_ibfk_1` FOREIGN KEY (`mid`) REFERENCES `msgcontent` (`id`),
  CONSTRAINT `sysmsg_ibfk_2` FOREIGN KEY (`hrid`) REFERENCES `hr` (`id`)
) ENGINE=InnoDB AUTO_INCREMENT=82 DEFAULT CHARSET=utf8;

-- ----------------------------
-- Records of sysmsg
-- ----------------------------
INSERT INTO `sysmsg` VALUES ('57', '14', '0', '3', '1');
INSERT INTO `sysmsg` VALUES ('58', '14', '0', '5', '1');
INSERT INTO `sysmsg` VALUES ('59', '14', '0', '10', '1');
INSERT INTO `sysmsg` VALUES ('60', '14', '0', '11', '0');
INSERT INTO `sysmsg` VALUES ('61', '14', '0', '12', '0');
INSERT INTO `sysmsg` VALUES ('62', '15', '0', '3', '1');
INSERT INTO `sysmsg` VALUES ('63', '15', '0', '5', '1');
INSERT INTO `sysmsg` VALUES ('64', '15', '0', '10', '1');
INSERT INTO `sysmsg` VALUES ('65', '15', '0', '11', '0');
INSERT INTO `sysmsg` VALUES ('66', '15', '0', '12', '0');
INSERT INTO `sysmsg` VALUES ('67', '16', '0', '3', '1');
INSERT INTO `sysmsg` VALUES ('68', '16', '0', '5', '1');
INSERT INTO `sysmsg` VALUES ('69', '16', '0', '10', '1');
INSERT INTO `sysmsg` VALUES ('70', '16', '0', '11', '0');
INSERT INTO `sysmsg` VALUES ('71', '16', '0', '12', '0');
INSERT INTO `sysmsg` VALUES ('72', '17', '0', '3', '1');
INSERT INTO `sysmsg` VALUES ('73', '17', '0', '5', '1');
INSERT INTO `sysmsg` VALUES ('74', '17', '0', '10', '1');
INSERT INTO `sysmsg` VALUES ('75', '17', '0', '11', '0');
INSERT INTO `sysmsg` VALUES ('76', '17', '0', '12', '0');
INSERT INTO `sysmsg` VALUES ('77', '18', '0', '3', '1');
INSERT INTO `sysmsg` VALUES ('78', '18', '0', '5', '1');
INSERT INTO `sysmsg` VALUES ('79', '18', '0', '10', '0');
INSERT INTO `sysmsg` VALUES ('80', '18', '0', '11', '0');
INSERT INTO `sysmsg` VALUES ('81', '18', '0', '12', '0');

-- ----------------------------
-- Table structure for tunnel
-- ----------------------------
DROP TABLE IF EXISTS `tunnel`;
CREATE TABLE `tunnel` (
  `id` int(11) NOT NULL AUTO_INCREMENT,
  `bidId` int(11) DEFAULT NULL COMMENT '标段id',
  `name` varchar(255) CHARACTER SET utf8mb4 COLLATE utf8mb4_0900_ai_ci DEFAULT NULL COMMENT '隧道名',
  `address` varchar(255) CHARACTER SET utf8mb4 COLLATE utf8mb4_0900_ai_ci DEFAULT NULL COMMENT '隧道位置',
  `km` varchar(255) CHARACTER SET utf8mb4 COLLATE utf8mb4_0900_ai_ci DEFAULT NULL COMMENT '隧道里程',
  `geology` varchar(255) CHARACTER SET utf8mb4 COLLATE utf8mb4_0900_ai_ci DEFAULT NULL COMMENT '地质类型',
  `supportType` varchar(255) CHARACTER SET utf8mb4 COLLATE utf8mb4_0900_ai_ci DEFAULT NULL COMMENT '支护方式',
  `parameter` varchar(255) DEFAULT NULL COMMENT '参数',
  `excavationWay` varchar(255) CHARACTER SET utf8mb4 COLLATE utf8mb4_0900_ai_ci DEFAULT NULL COMMENT '开挖方式',
  `createDate` datetime DEFAULT NULL,
  `updateDate` datetime DEFAULT NULL,
  `enabled` tinyint(1) DEFAULT '1',
  PRIMARY KEY (`id`)
) ENGINE=InnoDB AUTO_INCREMENT=7 DEFAULT CHARSET=utf8mb4 COLLATE=utf8mb4_0900_ai_ci;

-- ----------------------------
-- Records of tunnel
-- ----------------------------
INSERT INTO `tunnel` VALUES ('1', '1', '九绵高速\\LJ12标\\索古修寨隧道\\索古修寨隧道右线进口', '九寨沟', 'K81+148-K81+990', '洞内主要穿越粉质黏土,全风化，强风化细砂岩', 'Vc支护', null, '台阶开挖法', '2018-11-29 18:15:33', '2018-11-29 18:15:35', '1');
INSERT INTO `tunnel` VALUES ('4', '22', '22dd', '22dd', '22dd', '22dd', '22dd', '22dd', '22dd', '2018-12-09 00:00:00', '2018-12-09 00:00:00', '1');
INSERT INTO `tunnel` VALUES ('5', '2', '33', '33', '33', '33', '33', '33', '33', '2018-12-11 00:00:00', '2018-12-11 00:00:00', '1');
INSERT INTO `tunnel` VALUES ('6', '2', '66', '66', '66', '66', '66', '66', '66', '2018-12-11 00:00:00', '2018-12-11 00:00:00', '1');

-- ----------------------------
-- Table structure for vault
-- ----------------------------
DROP TABLE IF EXISTS `vault`;
CREATE TABLE `vault` (
  `id` int(11) NOT NULL AUTO_INCREMENT,
  `tuunelId` int(11) DEFAULT NULL COMMENT '隧道id',
  `stationId` int(11) DEFAULT NULL COMMENT '测点id',
  `observeDate` datetime DEFAULT NULL COMMENT '观测日期',
  `measureInterVal` varchar(255) CHARACTER SET utf8mb4 COLLATE utf8mb4_0900_ai_ci DEFAULT NULL COMMENT '量测间隔/d',
  `observeVal` varchar(255) DEFAULT NULL COMMENT '观测值',
  `sinkDiffVal` varchar(255) DEFAULT NULL COMMENT '下沉差值',
  `sinkSpeed` varchar(255) CHARACTER SET utf8mb4 COLLATE utf8mb4_0900_ai_ci DEFAULT NULL COMMENT '下沉速率',
  `addUpDisplacement` varchar(255) DEFAULT NULL COMMENT '累计位移',
  `maxDisplacement` varchar(255) DEFAULT NULL COMMENT '最大位移数',
  `measureMan` varchar(255) CHARACTER SET utf8mb4 COLLATE utf8mb4_0900_ai_ci DEFAULT NULL COMMENT '测量人',
  `warningState` int(4) DEFAULT NULL COMMENT '预警状态 1-正常，2-报警，3-危急',
  `distanceFace` int(11) DEFAULT NULL COMMENT '据开挖面距离,单位m',
  `description` varchar(255) CHARACTER SET utf8mb4 COLLATE utf8mb4_0900_ai_ci DEFAULT NULL COMMENT '描述',
  `createDate` datetime DEFAULT NULL,
  `updateDate` datetime DEFAULT NULL,
  `enabled` tinyint(1) DEFAULT '1' COMMENT '是否有效：1-有效，0-无效',
  PRIMARY KEY (`id`)
) ENGINE=InnoDB AUTO_INCREMENT=3 DEFAULT CHARSET=utf8mb4 COLLATE=utf8mb4_0900_ai_ci;

-- ----------------------------
-- Records of vault
-- ----------------------------
INSERT INTO `vault` VALUES ('1', '1', '1', '2018-11-29 18:29:35', '1', '2116.1202', '0', '0.00', '4.7', '55.55', '张三', '1', '5', null, '2018-11-29 18:32:27', '2018-11-29 18:32:32', '0');
INSERT INTO `vault` VALUES ('2', '1', '1', '2018-11-28 18:29:35', '1', '2116.1202', '0', '0.00', '4.7', '55.55', '张三', '1', '5', '', '2018-11-29 18:32:27', '2018-11-29 18:32:32', '0');

-- ----------------------------
-- Procedure structure for addDep
-- ----------------------------
DROP PROCEDURE IF EXISTS `addDep`;
DELIMITER ;;
CREATE DEFINER=`root`@`localhost` PROCEDURE `addDep`(in depName varchar(32),in parentId int,in enabled boolean,out result int,out result2 int)
begin
  declare did int;
  declare pDepPath varchar(64);
  insert into department set name=depName,parentId=parentId,enabled=enabled;
  select row_count() into result;
  select last_insert_id() into did;
  set result2=did;
  select depPath into pDepPath from department where id=parentId;
  update department set depPath=concat(pDepPath,'.',did) where id=did;
  update department set isParent=true where id=parentId;
end
;;
DELIMITER ;

-- ----------------------------
-- Procedure structure for deleteDep
-- ----------------------------
DROP PROCEDURE IF EXISTS `deleteDep`;
DELIMITER ;;
CREATE DEFINER=`root`@`localhost` PROCEDURE `deleteDep`(in did int,out result int)
begin
  declare ecount int;
  declare pid int;
  declare pcount int;
  select count(*) into ecount from employee where departmentId=did;
  if ecount>0 then set result=-1;
  else 
  select parentId into pid from department where id=did;
  delete from department where id=did and isParent=false;
  select row_count() into result;
  select count(*) into pcount from department where parentId=pid;
  if pcount=0 then update department set isParent=false where id=pid;
  end if;
  end if;
end
;;
DELIMITER ;
